matched_pair_id,en_word,bn_word,layer,cosine_sim
XLING_009,fish,মাছ,0,0.1782459
XLING_009,fish,মাছ,1,0.62567884
XLING_009,fish,মাছ,2,0.7132908
XLING_009,fish,মাছ,3,0.7207331
XLING_009,fish,মাছ,4,0.7825525
XLING_009,fish,মাছ,5,0.8339731
XLING_009,fish,মাছ,6,0.8682983
XLING_009,fish,মাছ,7,0.87544787
XLING_009,fish,মাছ,8,0.9004689
XLING_009,fish,মাছ,9,0.89831936
XLING_009,fish,মাছ,10,0.8880323
XLING_009,fish,মাছ,11,0.8694962
XLING_009,fish,মাছ,12,0.8755702
XLING_009,fish,মাছ,13,0.87443733
XLING_009,fish,মাছ,14,0.8694034
XLING_009,fish,মাছ,15,0.87485653
XLING_009,fish,মাছ,16,0.88506305
XLING_009,fish,মাছ,17,0.90542305
XLING_009,fish,মাছ,18,0.8915801
XLING_009,fish,মাছ,19,0.88352364
XLING_009,fish,মাছ,20,0.88832164
XLING_009,fish,মাছ,21,0.897912
XLING_009,fish,মাছ,22,0.9056581
XLING_009,fish,মাছ,23,0.89414126
XLING_009,fish,মাছ,24,0.9876286
XLING_001,water,পানি,0,0.28715888
XLING_001,water,পানি,1,0.7036259
XLING_001,water,পানি,2,0.74827534
XLING_001,water,পানি,3,0.7447617
XLING_001,water,পানি,4,0.8174995
XLING_001,water,পানি,5,0.852368
XLING_001,water,পানি,6,0.874494
XLING_001,water,পানি,7,0.8751191
XLING_001,water,পানি,8,0.8829505
XLING_001,water,পানি,9,0.8836268
XLING_001,water,পানি,10,0.8857963
XLING_001,water,পানি,11,0.87605464
XLING_001,water,পানি,12,0.88175637
XLING_001,water,পানি,13,0.88611263
XLING_001,water,পানি,14,0.8958577
XLING_001,water,পানি,15,0.89346576
XLING_001,water,পানি,16,0.9022978
XLING_001,water,পানি,17,0.915975
XLING_001,water,পানি,18,0.90820915
XLING_001,water,পানি,19,0.89780205
XLING_001,water,পানি,20,0.8981578
XLING_001,water,পানি,21,0.894796
XLING_001,water,পানি,22,0.88770056
XLING_001,water,পানি,23,0.90094936
XLING_001,water,পানি,24,0.99106383
XLING_001,water,পানি,0,0.28715888
XLING_001,water,পানি,1,0.7036259
XLING_001,water,পানি,2,0.74827534
XLING_001,water,পানি,3,0.7447617
XLING_001,water,পানি,4,0.8174995
XLING_001,water,পানি,5,0.852368
XLING_001,water,পানি,6,0.874494
XLING_001,water,পানি,7,0.8751191
XLING_001,water,পানি,8,0.8829505
XLING_001,water,পানি,9,0.8836268
XLING_001,water,পানি,10,0.8857963
XLING_001,water,পানি,11,0.87605464
XLING_001,water,পানি,12,0.88175637
XLING_001,water,পানি,13,0.88611263
XLING_001,water,পানি,14,0.8958577
XLING_001,water,পানি,15,0.89346576
XLING_001,water,পানি,16,0.9022978
XLING_001,water,পানি,17,0.915975
XLING_001,water,পানি,18,0.90820915
XLING_001,water,পানি,19,0.89780205
XLING_001,water,পানি,20,0.8981578
XLING_001,water,পানি,21,0.894796
XLING_001,water,পানি,22,0.88770056
XLING_001,water,পানি,23,0.90094936
XLING_001,water,পানি,24,0.99106383
XLING_005,family,পরিবার,0,0.32491767
XLING_005,family,পরিবার,1,0.63830596
XLING_005,family,পরিবার,2,0.70001745
XLING_005,family,পরিবার,3,0.73565674
XLING_005,family,পরিবার,4,0.79766095
XLING_005,family,পরিবার,5,0.8417794
XLING_005,family,পরিবার,6,0.8751625
XLING_005,family,পরিবার,7,0.8817929
XLING_005,family,পরিবার,8,0.90333164
XLING_005,family,পরিবার,9,0.9091773
XLING_005,family,পরিবার,10,0.90161234
XLING_005,family,পরিবার,11,0.88634837
XLING_005,family,পরিবার,12,0.8834415
XLING_005,family,পরিবার,13,0.879349
XLING_005,family,পরিবার,14,0.8843024
XLING_005,family,পরিবার,15,0.8893883
XLING_005,family,পরিবার,16,0.89671004
XLING_005,family,পরিবার,17,0.9157662
XLING_005,family,পরিবার,18,0.92264396
XLING_005,family,পরিবার,19,0.9280652
XLING_005,family,পরিবার,20,0.9434267
XLING_005,family,পরিবার,21,0.94574165
XLING_005,family,পরিবার,22,0.9516833
XLING_005,family,পরিবার,23,0.9406018
XLING_005,family,পরিবার,24,0.9922385
XLING_NEW_001,water,পানি,0,0.28715888
XLING_NEW_001,water,পানি,1,0.7036259
XLING_NEW_001,water,পানি,2,0.74827534
XLING_NEW_001,water,পানি,3,0.7447617
XLING_NEW_001,water,পানি,4,0.8174995
XLING_NEW_001,water,পানি,5,0.852368
XLING_NEW_001,water,পানি,6,0.874494
XLING_NEW_001,water,পানি,7,0.8751191
XLING_NEW_001,water,পানি,8,0.8829505
XLING_NEW_001,water,পানি,9,0.8836268
XLING_NEW_001,water,পানি,10,0.8857963
XLING_NEW_001,water,পানি,11,0.87605464
XLING_NEW_001,water,পানি,12,0.88175637
XLING_NEW_001,water,পানি,13,0.88611263
XLING_NEW_001,water,পানি,14,0.8958577
XLING_NEW_001,water,পানি,15,0.89346576
XLING_NEW_001,water,পানি,16,0.9022978
XLING_NEW_001,water,পানি,17,0.915975
XLING_NEW_001,water,পানি,18,0.90820915
XLING_NEW_001,water,পানি,19,0.89780205
XLING_NEW_001,water,পানি,20,0.8981578
XLING_NEW_001,water,পানি,21,0.894796
XLING_NEW_001,water,পানি,22,0.88770056
XLING_NEW_001,water,পানি,23,0.90094936
XLING_NEW_001,water,পানি,24,0.99106383
XLING_NEW_002,fire,আগুন,0,0.1543645
XLING_NEW_002,fire,আগুন,1,0.62822574
XLING_NEW_002,fire,আগুন,2,0.7048755
XLING_NEW_002,fire,আগুন,3,0.7408436
XLING_NEW_002,fire,আগুন,4,0.79047775
XLING_NEW_002,fire,আগুন,5,0.8187027
XLING_NEW_002,fire,আগুন,6,0.854763
XLING_NEW_002,fire,আগুন,7,0.8745312
XLING_NEW_002,fire,আগুন,8,0.91259396
XLING_NEW_002,fire,আগুন,9,0.91269714
XLING_NEW_002,fire,আগুন,10,0.90657294
XLING_NEW_002,fire,আগুন,11,0.8943434
XLING_NEW_002,fire,আগুন,12,0.8995752
XLING_NEW_002,fire,আগুন,13,0.8985681
XLING_NEW_002,fire,আগুন,14,0.8972835
XLING_NEW_002,fire,আগুন,15,0.90416235
XLING_NEW_002,fire,আগুন,16,0.9171134
XLING_NEW_002,fire,আগুন,17,0.94389635
XLING_NEW_002,fire,আগুন,18,0.94603735
XLING_NEW_002,fire,আগুন,19,0.942369
XLING_NEW_002,fire,আগুন,20,0.94992435
XLING_NEW_002,fire,আগুন,21,0.9540329
XLING_NEW_002,fire,আগুন,22,0.94635475
XLING_NEW_002,fire,আগুন,23,0.9223728
XLING_NEW_002,fire,আগুন,24,0.9886532
XLING_NEW_003,book,বই,0,0.24834067
XLING_NEW_003,book,বই,1,0.56473327
XLING_NEW_003,book,বই,2,0.62990475
XLING_NEW_003,book,বই,3,0.626598
XLING_NEW_003,book,বই,4,0.72832876
XLING_NEW_003,book,বই,5,0.79790056
XLING_NEW_003,book,বই,6,0.85052955
XLING_NEW_003,book,বই,7,0.8506027
XLING_NEW_003,book,বই,8,0.87911075
XLING_NEW_003,book,বই,9,0.89992553
XLING_NEW_003,book,বই,10,0.89845324
XLING_NEW_003,book,বই,11,0.8876256
XLING_NEW_003,book,বই,12,0.89468277
XLING_NEW_003,book,বই,13,0.8972404
XLING_NEW_003,book,বই,14,0.8946832
XLING_NEW_003,book,বই,15,0.8956845
XLING_NEW_003,book,বই,16,0.90133184
XLING_NEW_003,book,বই,17,0.9191533
XLING_NEW_003,book,বই,18,0.9156185
XLING_NEW_003,book,বই,19,0.90850216
XLING_NEW_003,book,বই,20,0.9178191
XLING_NEW_003,book,বই,21,0.92200017
XLING_NEW_003,book,বই,22,0.91439295
XLING_NEW_003,book,বই,23,0.9207043
XLING_NEW_003,book,বই,24,0.98953605
XLING_NEW_004,tree,গাছ,0,0.13525361
XLING_NEW_004,tree,গাছ,1,0.6365014
XLING_NEW_004,tree,গাছ,2,0.74191606
XLING_NEW_004,tree,গাছ,3,0.7523675
XLING_NEW_004,tree,গাছ,4,0.80772793
XLING_NEW_004,tree,গাছ,5,0.8280012
XLING_NEW_004,tree,গাছ,6,0.86604375
XLING_NEW_004,tree,গাছ,7,0.87469393
XLING_NEW_004,tree,গাছ,8,0.8981507
XLING_NEW_004,tree,গাছ,9,0.90258205
XLING_NEW_004,tree,গাছ,10,0.886043
XLING_NEW_004,tree,গাছ,11,0.85697013
XLING_NEW_004,tree,গাছ,12,0.87062347
XLING_NEW_004,tree,গাছ,13,0.88636464
XLING_NEW_004,tree,গাছ,14,0.8897753
XLING_NEW_004,tree,গাছ,15,0.8999889
XLING_NEW_004,tree,গাছ,16,0.91214395
XLING_NEW_004,tree,গাছ,17,0.93647754
XLING_NEW_004,tree,গাছ,18,0.93654853
XLING_NEW_004,tree,গাছ,19,0.92689186
XLING_NEW_004,tree,গাছ,20,0.93014205
XLING_NEW_004,tree,গাছ,21,0.9344208
XLING_NEW_004,tree,গাছ,22,0.9346428
XLING_NEW_004,tree,গাছ,23,0.9270759
XLING_NEW_004,tree,গাছ,24,0.99148744
XLING_NEW_005,fish,মাছ,0,0.1782459
XLING_NEW_005,fish,মাছ,1,0.62567884
XLING_NEW_005,fish,মাছ,2,0.7132908
XLING_NEW_005,fish,মাছ,3,0.7207331
XLING_NEW_005,fish,মাছ,4,0.7825525
XLING_NEW_005,fish,মাছ,5,0.8339731
XLING_NEW_005,fish,মাছ,6,0.8682983
XLING_NEW_005,fish,মাছ,7,0.87544787
XLING_NEW_005,fish,মাছ,8,0.9004689
XLING_NEW_005,fish,মাছ,9,0.89831936
XLING_NEW_005,fish,মাছ,10,0.8880323
XLING_NEW_005,fish,মাছ,11,0.8694962
XLING_NEW_005,fish,মাছ,12,0.8755702
XLING_NEW_005,fish,মাছ,13,0.87443733
XLING_NEW_005,fish,মাছ,14,0.8694034
XLING_NEW_005,fish,মাছ,15,0.87485653
XLING_NEW_005,fish,মাছ,16,0.88506305
XLING_NEW_005,fish,মাছ,17,0.90542305
XLING_NEW_005,fish,মাছ,18,0.8915801
XLING_NEW_005,fish,মাছ,19,0.88352364
XLING_NEW_005,fish,মাছ,20,0.88832164
XLING_NEW_005,fish,মাছ,21,0.897912
XLING_NEW_005,fish,মাছ,22,0.9056581
XLING_NEW_005,fish,মাছ,23,0.89414126
XLING_NEW_005,fish,মাছ,24,0.9876286
XLING_NEW_006,flower,ফুল,0,0.09756623
XLING_NEW_006,flower,ফুল,1,0.7499948
XLING_NEW_006,flower,ফুল,2,0.81374663
XLING_NEW_006,flower,ফুল,3,0.83879644
XLING_NEW_006,flower,ফুল,4,0.87660545
XLING_NEW_006,flower,ফুল,5,0.88238317
XLING_NEW_006,flower,ফুল,6,0.88992
XLING_NEW_006,flower,ফুল,7,0.89033383
XLING_NEW_006,flower,ফুল,8,0.8943165
XLING_NEW_006,flower,ফুল,9,0.89606714
XLING_NEW_006,flower,ফুল,10,0.88770103
XLING_NEW_006,flower,ফুল,11,0.8576864
XLING_NEW_006,flower,ফুল,12,0.8737877
XLING_NEW_006,flower,ফুল,13,0.88764375
XLING_NEW_006,flower,ফুল,14,0.87871337
XLING_NEW_006,flower,ফুল,15,0.86094034
XLING_NEW_006,flower,ফুল,16,0.8680327
XLING_NEW_006,flower,ফুল,17,0.89775884
XLING_NEW_006,flower,ফুল,18,0.83121455
XLING_NEW_006,flower,ফুল,19,0.8243568
XLING_NEW_006,flower,ফুল,20,0.80101854
XLING_NEW_006,flower,ফুল,21,0.81966114
XLING_NEW_006,flower,ফুল,22,0.818617
XLING_NEW_006,flower,ফুল,23,0.7699051
XLING_NEW_006,flower,ফুল,24,0.977748
XLING_NEW_007,sun,সূর্য,0,0.13830088
XLING_NEW_007,sun,সূর্য,1,0.70502925
XLING_NEW_007,sun,সূর্য,2,0.7478982
XLING_NEW_007,sun,সূর্য,3,0.76188105
XLING_NEW_007,sun,সূর্য,4,0.7838155
XLING_NEW_007,sun,সূর্য,5,0.7987
XLING_NEW_007,sun,সূর্য,6,0.8325462
XLING_NEW_007,sun,সূর্য,7,0.8437659
XLING_NEW_007,sun,সূর্য,8,0.85424465
XLING_NEW_007,sun,সূর্য,9,0.8397476
XLING_NEW_007,sun,সূর্য,10,0.8400292
XLING_NEW_007,sun,সূর্য,11,0.80070525
XLING_NEW_007,sun,সূর্য,12,0.80374044
XLING_NEW_007,sun,সূর্য,13,0.7955899
XLING_NEW_007,sun,সূর্য,14,0.788432
XLING_NEW_007,sun,সূর্য,15,0.79643697
XLING_NEW_007,sun,সূর্য,16,0.8183592
XLING_NEW_007,sun,সূর্য,17,0.82901084
XLING_NEW_007,sun,সূর্য,18,0.7998043
XLING_NEW_007,sun,সূর্য,19,0.77998567
XLING_NEW_007,sun,সূর্য,20,0.7679117
XLING_NEW_007,sun,সূর্য,21,0.7931561
XLING_NEW_007,sun,সূর্য,22,0.7603744
XLING_NEW_007,sun,সূর্য,23,0.74008936
XLING_NEW_007,sun,সূর্য,24,0.9692651
XLING_NEW_008,moon,চাঁদ,0,0.5758252
XLING_NEW_008,moon,চাঁদ,1,0.8508601
XLING_NEW_008,moon,চাঁদ,2,0.8872798
XLING_NEW_008,moon,চাঁদ,3,0.8911411
XLING_NEW_008,moon,চাঁদ,4,0.9190436
XLING_NEW_008,moon,চাঁদ,5,0.93358755
XLING_NEW_008,moon,চাঁদ,6,0.93921584
XLING_NEW_008,moon,চাঁদ,7,0.9454608
XLING_NEW_008,moon,চাঁদ,8,0.9514977
XLING_NEW_008,moon,চাঁদ,9,0.9626903
XLING_NEW_008,moon,চাঁদ,10,0.9633475
XLING_NEW_008,moon,চাঁদ,11,0.96469486
XLING_NEW_008,moon,চাঁদ,12,0.96592987
XLING_NEW_008,moon,চাঁদ,13,0.95677644
XLING_NEW_008,moon,চাঁদ,14,0.9569739
XLING_NEW_008,moon,চাঁদ,15,0.9640014
XLING_NEW_008,moon,চাঁদ,16,0.9672687
XLING_NEW_008,moon,চাঁদ,17,0.9730908
XLING_NEW_008,moon,চাঁদ,18,0.97310615
XLING_NEW_008,moon,চাঁদ,19,0.9710431
XLING_NEW_008,moon,চাঁদ,20,0.97557056
XLING_NEW_008,moon,চাঁদ,21,0.9791119
XLING_NEW_008,moon,চাঁদ,22,0.9804036
XLING_NEW_008,moon,চাঁদ,23,0.9815657
XLING_NEW_008,moon,চাঁদ,24,0.9979317
XLING_NEW_009,hand,হাত,0,0.19877285
XLING_NEW_009,hand,হাত,1,0.64872086
XLING_NEW_009,hand,হাত,2,0.7090949
XLING_NEW_009,hand,হাত,3,0.75381935
XLING_NEW_009,hand,হাত,4,0.7831844
XLING_NEW_009,hand,হাত,5,0.82078844
XLING_NEW_009,hand,হাত,6,0.8565373
XLING_NEW_009,hand,হাত,7,0.8736198
XLING_NEW_009,hand,হাত,8,0.8922924
XLING_NEW_009,hand,হাত,9,0.90041304
XLING_NEW_009,hand,হাত,10,0.8876059
XLING_NEW_009,hand,হাত,11,0.8781282
XLING_NEW_009,hand,হাত,12,0.87664366
XLING_NEW_009,hand,হাত,13,0.8598523
XLING_NEW_009,hand,হাত,14,0.87715423
XLING_NEW_009,hand,হাত,15,0.88913417
XLING_NEW_009,hand,হাত,16,0.8968479
XLING_NEW_009,hand,হাত,17,0.9213172
XLING_NEW_009,hand,হাত,18,0.92485666
XLING_NEW_009,hand,হাত,19,0.9207736
XLING_NEW_009,hand,হাত,20,0.929066
XLING_NEW_009,hand,হাত,21,0.9301448
XLING_NEW_009,hand,হাত,22,0.93703216
XLING_NEW_009,hand,হাত,23,0.91837525
XLING_NEW_009,hand,হাত,24,0.9880054
XLING_NEW_010,eye,চোখ,0,0.22472572
XLING_NEW_010,eye,চোখ,1,0.6558709
XLING_NEW_010,eye,চোখ,2,0.7303312
XLING_NEW_010,eye,চোখ,3,0.7144618
XLING_NEW_010,eye,চোখ,4,0.77497727
XLING_NEW_010,eye,চোখ,5,0.81063753
XLING_NEW_010,eye,চোখ,6,0.8541315
XLING_NEW_010,eye,চোখ,7,0.8637584
XLING_NEW_010,eye,চোখ,8,0.8966792
XLING_NEW_010,eye,চোখ,9,0.8963779
XLING_NEW_010,eye,চোখ,10,0.8945888
XLING_NEW_010,eye,চোখ,11,0.8891729
XLING_NEW_010,eye,চোখ,12,0.89027834
XLING_NEW_010,eye,চোখ,13,0.8908454
XLING_NEW_010,eye,চোখ,14,0.8973384
XLING_NEW_010,eye,চোখ,15,0.9032909
XLING_NEW_010,eye,চোখ,16,0.9121343
XLING_NEW_010,eye,চোখ,17,0.93096954
XLING_NEW_010,eye,চোখ,18,0.92653996
XLING_NEW_010,eye,চোখ,19,0.9238789
XLING_NEW_010,eye,চোখ,20,0.92886114
XLING_NEW_010,eye,চোখ,21,0.9290526
XLING_NEW_010,eye,চোখ,22,0.9313336
XLING_NEW_010,eye,চোখ,23,0.9024378
XLING_NEW_010,eye,চোখ,24,0.9887675
XLING_NEW_011,house,বাড়ি,0,0.19307011
XLING_NEW_011,house,বাড়ি,1,0.622541
XLING_NEW_011,house,বাড়ি,2,0.67555076
XLING_NEW_011,house,বাড়ি,3,0.7090168
XLING_NEW_011,house,বাড়ি,4,0.784977
XLING_NEW_011,house,বাড়ি,5,0.82698864
XLING_NEW_011,house,বাড়ি,6,0.86565673
XLING_NEW_011,house,বাড়ি,7,0.87515324
XLING_NEW_011,house,বাড়ি,8,0.8870053
XLING_NEW_011,house,বাড়ি,9,0.8896151
XLING_NEW_011,house,বাড়ি,10,0.8869816
XLING_NEW_011,house,বাড়ি,11,0.8710468
XLING_NEW_011,house,বাড়ি,12,0.8761775
XLING_NEW_011,house,বাড়ি,13,0.878664
XLING_NEW_011,house,বাড়ি,14,0.882946
XLING_NEW_011,house,বাড়ি,15,0.8765168
XLING_NEW_011,house,বাড়ি,16,0.86863315
XLING_NEW_011,house,বাড়ি,17,0.8911911
XLING_NEW_011,house,বাড়ি,18,0.8999392
XLING_NEW_011,house,বাড়ি,19,0.9055774
XLING_NEW_011,house,বাড়ি,20,0.91875255
XLING_NEW_011,house,বাড়ি,21,0.9273515
XLING_NEW_011,house,বাড়ি,22,0.9293407
XLING_NEW_011,house,বাড়ি,23,0.92803437
XLING_NEW_011,house,বাড়ি,24,0.9906137
XLING_NEW_012,food,খাবার,0,0.29892457
XLING_NEW_012,food,খাবার,1,0.68451214
XLING_NEW_012,food,খাবার,2,0.760618
XLING_NEW_012,food,খাবার,3,0.7528504
XLING_NEW_012,food,খাবার,4,0.8129198
XLING_NEW_012,food,খাবার,5,0.83797
XLING_NEW_012,food,খাবার,6,0.87866443
XLING_NEW_012,food,খাবার,7,0.8947779
XLING_NEW_012,food,খাবার,8,0.91379327
XLING_NEW_012,food,খাবার,9,0.915858
XLING_NEW_012,food,খাবার,10,0.9139831
XLING_NEW_012,food,খাবার,11,0.9037694
XLING_NEW_012,food,খাবার,12,0.90363204
XLING_NEW_012,food,খাবার,13,0.90074426
XLING_NEW_012,food,খাবার,14,0.9037439
XLING_NEW_012,food,খাবার,15,0.91217875
XLING_NEW_012,food,খাবার,16,0.91720456
XLING_NEW_012,food,খাবার,17,0.92460966
XLING_NEW_012,food,খাবার,18,0.9256482
XLING_NEW_012,food,খাবার,19,0.92475986
XLING_NEW_012,food,খাবার,20,0.93016434
XLING_NEW_012,food,খাবার,21,0.9330127
XLING_NEW_012,food,খাবার,22,0.9422736
XLING_NEW_012,food,খাবার,23,0.9421803
XLING_NEW_012,food,খাবার,24,0.9919936
XLING_NEW_013,road,রাস্তা,0,0.18919712
XLING_NEW_013,road,রাস্তা,1,0.6158068
XLING_NEW_013,road,রাস্তা,2,0.70308965
XLING_NEW_013,road,রাস্তা,3,0.7192522
XLING_NEW_013,road,রাস্তা,4,0.8019048
XLING_NEW_013,road,রাস্তা,5,0.83241034
XLING_NEW_013,road,রাস্তা,6,0.8802363
XLING_NEW_013,road,রাস্তা,7,0.8852119
XLING_NEW_013,road,রাস্তা,8,0.90627575
XLING_NEW_013,road,রাস্তা,9,0.90700436
XLING_NEW_013,road,রাস্তা,10,0.903041
XLING_NEW_013,road,রাস্তা,11,0.8951168
XLING_NEW_013,road,রাস্তা,12,0.9107794
XLING_NEW_013,road,রাস্তা,13,0.9106456
XLING_NEW_013,road,রাস্তা,14,0.91415846
XLING_NEW_013,road,রাস্তা,15,0.91512835
XLING_NEW_013,road,রাস্তা,16,0.91848487
XLING_NEW_013,road,রাস্তা,17,0.9368866
XLING_NEW_013,road,রাস্তা,18,0.937361
XLING_NEW_013,road,রাস্তা,19,0.9370091
XLING_NEW_013,road,রাস্তা,20,0.9465911
XLING_NEW_013,road,রাস্তা,21,0.94941056
XLING_NEW_013,road,রাস্তা,22,0.9473281
XLING_NEW_013,road,রাস্তা,23,0.9395771
XLING_NEW_013,road,রাস্তা,24,0.99189216
XLING_NEW_014,bird,পাখি,0,0.15644737
XLING_NEW_014,bird,পাখি,1,0.76157343
XLING_NEW_014,bird,পাখি,2,0.7632427
XLING_NEW_014,bird,পাখি,3,0.751038
XLING_NEW_014,bird,পাখি,4,0.8167413
XLING_NEW_014,bird,পাখি,5,0.8344039
XLING_NEW_014,bird,পাখি,6,0.8637828
XLING_NEW_014,bird,পাখি,7,0.87582767
XLING_NEW_014,bird,পাখি,8,0.8935791
XLING_NEW_014,bird,পাখি,9,0.9038
XLING_NEW_014,bird,পাখি,10,0.89956176
XLING_NEW_014,bird,পাখি,11,0.8800992
XLING_NEW_014,bird,পাখি,12,0.860039
XLING_NEW_014,bird,পাখি,13,0.8310045
XLING_NEW_014,bird,পাখি,14,0.8350934
XLING_NEW_014,bird,পাখি,15,0.84325826
XLING_NEW_014,bird,পাখি,16,0.85375416
XLING_NEW_014,bird,পাখি,17,0.86769307
XLING_NEW_014,bird,পাখি,18,0.8280529
XLING_NEW_014,bird,পাখি,19,0.82579744
XLING_NEW_014,bird,পাখি,20,0.79845107
XLING_NEW_014,bird,পাখি,21,0.84086293
XLING_NEW_014,bird,পাখি,22,0.8390484
XLING_NEW_014,bird,পাখি,23,0.83384025
XLING_NEW_014,bird,পাখি,24,0.9860463
XLING_NEW_015,mother,মা,0,0.26463088
XLING_NEW_015,mother,মা,1,0.62837684
XLING_NEW_015,mother,মা,2,0.6825861
XLING_NEW_015,mother,মা,3,0.7140146
XLING_NEW_015,mother,মা,4,0.7873217
XLING_NEW_015,mother,মা,5,0.8252442
XLING_NEW_015,mother,মা,6,0.8636396
XLING_NEW_015,mother,মা,7,0.88397104
XLING_NEW_015,mother,মা,8,0.89644325
XLING_NEW_015,mother,মা,9,0.89236444
XLING_NEW_015,mother,মা,10,0.8900031
XLING_NEW_015,mother,মা,11,0.884716
XLING_NEW_015,mother,মা,12,0.8902197
XLING_NEW_015,mother,মা,13,0.8973601
XLING_NEW_015,mother,মা,14,0.90226305
XLING_NEW_015,mother,মা,15,0.9042908
XLING_NEW_015,mother,মা,16,0.8998403
XLING_NEW_015,mother,মা,17,0.9222488
XLING_NEW_015,mother,মা,18,0.9289414
XLING_NEW_015,mother,মা,19,0.92388994
XLING_NEW_015,mother,মা,20,0.9260125
XLING_NEW_015,mother,মা,21,0.93973356
XLING_NEW_015,mother,মা,22,0.9377183
XLING_NEW_015,mother,মা,23,0.9402291
XLING_NEW_015,mother,মা,24,0.9925952
XLING_NEW_016,father,বাবা,0,0.27955344
XLING_NEW_016,father,বাবা,1,0.63538224
XLING_NEW_016,father,বাবা,2,0.7034978
XLING_NEW_016,father,বাবা,3,0.7209412
XLING_NEW_016,father,বাবা,4,0.8002661
XLING_NEW_016,father,বাবা,5,0.83897793
XLING_NEW_016,father,বাবা,6,0.8779559
XLING_NEW_016,father,বাবা,7,0.8935755
XLING_NEW_016,father,বাবা,8,0.91303587
XLING_NEW_016,father,বাবা,9,0.9099575
XLING_NEW_016,father,বাবা,10,0.9042415
XLING_NEW_016,father,বাবা,11,0.8964182
XLING_NEW_016,father,বাবা,12,0.90076435
XLING_NEW_016,father,বাবা,13,0.90212953
XLING_NEW_016,father,বাবা,14,0.90810287
XLING_NEW_016,father,বাবা,15,0.9080706
XLING_NEW_016,father,বাবা,16,0.9040456
XLING_NEW_016,father,বাবা,17,0.9229209
XLING_NEW_016,father,বাবা,18,0.92473376
XLING_NEW_016,father,বাবা,19,0.92073596
XLING_NEW_016,father,বাবা,20,0.9311995
XLING_NEW_016,father,বাবা,21,0.93810654
XLING_NEW_016,father,বাবা,22,0.94244385
XLING_NEW_016,father,বাবা,23,0.9311992
XLING_NEW_016,father,বাবা,24,0.99206865
XLING_NEW_017,child,শিশু,0,0.28833273
XLING_NEW_017,child,শিশু,1,0.69087595
XLING_NEW_017,child,শিশু,2,0.74057436
XLING_NEW_017,child,শিশু,3,0.7689584
XLING_NEW_017,child,শিশু,4,0.8300438
XLING_NEW_017,child,শিশু,5,0.8633728
XLING_NEW_017,child,শিশু,6,0.8899943
XLING_NEW_017,child,শিশু,7,0.8887622
XLING_NEW_017,child,শিশু,8,0.90129286
XLING_NEW_017,child,শিশু,9,0.9088586
XLING_NEW_017,child,শিশু,10,0.91189337
XLING_NEW_017,child,শিশু,11,0.90420806
XLING_NEW_017,child,শিশু,12,0.9111227
XLING_NEW_017,child,শিশু,13,0.9079196
XLING_NEW_017,child,শিশু,14,0.9008958
XLING_NEW_017,child,শিশু,15,0.9038855
XLING_NEW_017,child,শিশু,16,0.9069923
XLING_NEW_017,child,শিশু,17,0.92254287
XLING_NEW_017,child,শিশু,18,0.92996
XLING_NEW_017,child,শিশু,19,0.924615
XLING_NEW_017,child,শিশু,20,0.93466556
XLING_NEW_017,child,শিশু,21,0.93879855
XLING_NEW_017,child,শিশু,22,0.9413982
XLING_NEW_017,child,শিশু,23,0.9379628
XLING_NEW_017,child,শিশু,24,0.9919488
XLING_NEW_018,school,স্কুল,0,0.3168429
XLING_NEW_018,school,স্কুল,1,0.6702929
XLING_NEW_018,school,স্কুল,2,0.7063551
XLING_NEW_018,school,স্কুল,3,0.7409022
XLING_NEW_018,school,স্কুল,4,0.8131353
XLING_NEW_018,school,স্কুল,5,0.85151124
XLING_NEW_018,school,স্কুল,6,0.88480747
XLING_NEW_018,school,স্কুল,7,0.8970464
XLING_NEW_018,school,স্কুল,8,0.9139111
XLING_NEW_018,school,স্কুল,9,0.92567927
XLING_NEW_018,school,স্কুল,10,0.92621076
XLING_NEW_018,school,স্কুল,11,0.9245091
XLING_NEW_018,school,স্কুল,12,0.91881293
XLING_NEW_018,school,স্কুল,13,0.9165228
XLING_NEW_018,school,স্কুল,14,0.918443
XLING_NEW_018,school,স্কুল,15,0.9236764
XLING_NEW_018,school,স্কুল,16,0.9180534
XLING_NEW_018,school,স্কুল,17,0.9230076
XLING_NEW_018,school,স্কুল,18,0.92265683
XLING_NEW_018,school,স্কুল,19,0.92315185
XLING_NEW_018,school,স্কুল,20,0.9257338
XLING_NEW_018,school,স্কুল,21,0.9413463
XLING_NEW_018,school,স্কুল,22,0.945668
XLING_NEW_018,school,স্কুল,23,0.94579005
XLING_NEW_018,school,স্কুল,24,0.99401414
XLING_NEW_019,teacher,শিক্ষক,0,0.36403966
XLING_NEW_019,teacher,শিক্ষক,1,0.73488706
XLING_NEW_019,teacher,শিক্ষক,2,0.76202506
XLING_NEW_019,teacher,শিক্ষক,3,0.7655766
XLING_NEW_019,teacher,শিক্ষক,4,0.82400095
XLING_NEW_019,teacher,শিক্ষক,5,0.8464728
XLING_NEW_019,teacher,শিক্ষক,6,0.8909273
XLING_NEW_019,teacher,শিক্ষক,7,0.8998418
XLING_NEW_019,teacher,শিক্ষক,8,0.9193747
XLING_NEW_019,teacher,শিক্ষক,9,0.9258628
XLING_NEW_019,teacher,শিক্ষক,10,0.9259078
XLING_NEW_019,teacher,শিক্ষক,11,0.9197488
XLING_NEW_019,teacher,শিক্ষক,12,0.90891
XLING_NEW_019,teacher,শিক্ষক,13,0.90299976
XLING_NEW_019,teacher,শিক্ষক,14,0.9042218
XLING_NEW_019,teacher,শিক্ষক,15,0.9036875
XLING_NEW_019,teacher,শিক্ষক,16,0.90227425
XLING_NEW_019,teacher,শিক্ষক,17,0.91853327
XLING_NEW_019,teacher,শিক্ষক,18,0.92509824
XLING_NEW_019,teacher,শিক্ষক,19,0.9214225
XLING_NEW_019,teacher,শিক্ষক,20,0.9237871
XLING_NEW_019,teacher,শিক্ষক,21,0.92875683
XLING_NEW_019,teacher,শিক্ষক,22,0.9266648
XLING_NEW_019,teacher,শিক্ষক,23,0.91671526
XLING_NEW_019,teacher,শিক্ষক,24,0.9902137
XLING_NEW_020,river,নদী,0,0.23701665
XLING_NEW_020,river,নদী,1,0.65891623
XLING_NEW_020,river,নদী,2,0.7375641
XLING_NEW_020,river,নদী,3,0.75951576
XLING_NEW_020,river,নদী,4,0.8106786
XLING_NEW_020,river,নদী,5,0.8483653
XLING_NEW_020,river,নদী,6,0.8800558
XLING_NEW_020,river,নদী,7,0.8920202
XLING_NEW_020,river,নদী,8,0.9166308
XLING_NEW_020,river,নদী,9,0.9218748
XLING_NEW_020,river,নদী,10,0.91436493
XLING_NEW_020,river,নদী,11,0.9031644
XLING_NEW_020,river,নদী,12,0.909927
XLING_NEW_020,river,নদী,13,0.9131941
XLING_NEW_020,river,নদী,14,0.915841
XLING_NEW_020,river,নদী,15,0.91807693
XLING_NEW_020,river,নদী,16,0.9207001
XLING_NEW_020,river,নদী,17,0.93838954
XLING_NEW_020,river,নদী,18,0.937402
XLING_NEW_020,river,নদী,19,0.929158
XLING_NEW_020,river,নদী,20,0.93436
XLING_NEW_020,river,নদী,21,0.94457483
XLING_NEW_020,river,নদী,22,0.94615936
XLING_NEW_020,river,নদী,23,0.9177418
XLING_NEW_020,river,নদী,24,0.9889439
