task,layer,english_score,bangla_score,transfer_ratio,metric
voiced_unvoiced,0,1.0,0.532656023222061,0.532656023222061,f1_macro
voiced_unvoiced,1,1.0,0.6461538461538461,0.6461538461538461,f1_macro
voiced_unvoiced,2,1.0,0.6515151515151515,0.6515151515151515,f1_macro
voiced_unvoiced,3,1.0,0.6495238095238096,0.6495238095238096,f1_macro
voiced_unvoiced,4,1.0,0.7346153846153847,0.7346153846153847,f1_macro
voiced_unvoiced,5,1.0,0.7371428571428571,0.7371428571428571,f1_macro
voiced_unvoiced,6,1.0,0.7386363636363636,0.7386363636363636,f1_macro
voiced_unvoiced,7,1.0,0.6956521739130435,0.6956521739130435,f1_macro
voiced_unvoiced,8,1.0,0.5892857142857143,0.5892857142857143,f1_macro
voiced_unvoiced,9,1.0,0.6521739130434783,0.6521739130434783,f1_macro
voiced_unvoiced,10,1.0,0.6267748478701826,0.6267748478701826,f1_macro
voiced_unvoiced,11,1.0,0.4638694638694639,0.4638694638694639,f1_macro
voiced_unvoiced,12,1.0,0.37990196078431376,0.37990196078431376,f1_macro
voiced_unvoiced,13,1.0,0.37990196078431376,0.37990196078431376,f1_macro
voiced_unvoiced,14,1.0,0.4638694638694639,0.4638694638694639,f1_macro
voiced_unvoiced,15,1.0,0.4495726495726496,0.4495726495726496,f1_macro
voiced_unvoiced,16,1.0,0.4495726495726496,0.4495726495726496,f1_macro
voiced_unvoiced,17,1.0,0.3235294117647059,0.3235294117647059,f1_macro
voiced_unvoiced,18,1.0,0.36835820895522386,0.36835820895522386,f1_macro
voiced_unvoiced,19,1.0,0.43526785714285715,0.43526785714285715,f1_macro
voiced_unvoiced,20,1.0,0.48915917503966155,0.48915917503966155,f1_macro
voiced_unvoiced,21,1.0,0.4209085933223864,0.4209085933223864,f1_macro
voiced_unvoiced,22,1.0,0.5208333333333333,0.5208333333333333,f1_macro
voiced_unvoiced,23,1.0,0.5801217038539555,0.5801217038539555,f1_macro
voiced_unvoiced,24,1.0,0.5771649733913884,0.5771649733913884,f1_macro
is_real_word,0,1.0,0.4165398274987316,0.4165398274987316,f1_macro
is_real_word,1,1.0,0.5404411764705883,0.5404411764705883,f1_macro
is_real_word,2,1.0,0.5989304812834224,0.5989304812834224,f1_macro
is_real_word,3,1.0,0.6263736263736264,0.6263736263736264,f1_macro
is_real_word,4,1.0,0.6263736263736264,0.6263736263736264,f1_macro
is_real_word,5,1.0,0.6527777777777778,0.6527777777777778,f1_macro
is_real_word,6,1.0,0.7028862478777589,0.7028862478777589,f1_macro
is_real_word,7,1.0,0.7028862478777589,0.7028862478777589,f1_macro
is_real_word,8,1.0,0.6527777777777778,0.6527777777777778,f1_macro
is_real_word,9,1.0,0.6527777777777778,0.6527777777777778,f1_macro
is_real_word,10,1.0,0.6263736263736264,0.6263736263736264,f1_macro
is_real_word,11,1.0,0.5989304812834224,0.5989304812834224,f1_macro
is_real_word,12,1.0,0.5989304812834224,0.5989304812834224,f1_macro
is_real_word,13,1.0,0.5703301673450927,0.5703301673450927,f1_macro
is_real_word,14,1.0,0.6782496782496783,0.6782496782496783,f1_macro
is_real_word,15,1.0,0.6527777777777778,0.6527777777777778,f1_macro
is_real_word,16,1.0,0.6263736263736264,0.6263736263736264,f1_macro
is_real_word,17,1.0,0.5989304812834224,0.5989304812834224,f1_macro
is_real_word,18,1.0,0.5989304812834224,0.5989304812834224,f1_macro
is_real_word,19,1.0,0.6263736263736264,0.6263736263736264,f1_macro
is_real_word,20,1.0,0.609375,0.609375,f1_macro
is_real_word,21,1.0,0.609375,0.609375,f1_macro
is_real_word,22,1.0,0.5989304812834224,0.5989304812834224,f1_macro
is_real_word,23,1.0,0.525101763907734,0.525101763907734,f1_macro
is_real_word,24,1.0,0.64,0.64,f1_macro
syllable_count,0,0.9999988079071045,0.2945835590362549,0.29458391020764135,r2
syllable_count,1,0.9999986290931702,0.24104684591293335,0.24104717636615375,r2
syllable_count,2,0.999998927116394,0.37139153480529785,0.3713919332656144,r2
syllable_count,3,0.999998927116394,0.38931822776794434,0.38931864546153655,r2
syllable_count,4,0.9999989867210388,0.43064558506011963,0.43064602142467284,r2
syllable_count,5,0.9999988675117493,0.4518592953681946,0.4518598070941171,r2
syllable_count,6,0.9999989867210388,0.44885164499282837,0.4488520998052178,r2
syllable_count,7,0.9999989867210388,0.47259825468063354,0.4725987335549873,r2
syllable_count,8,0.9999988079071045,0.3770686984062195,0.3770691479076718,r2
syllable_count,9,0.9999983906745911,0.3740590214729309,0.3740596234565874,r2
syllable_count,10,0.9999984502792358,0.5122823119163513,0.5122831058121176,r2
syllable_count,11,0.9999980330467224,0.5193353891372681,0.5193364106477232,r2
syllable_count,12,0.9999977350234985,0.48781222105026245,0.4878133259359828,r2
syllable_count,13,0.9999972581863403,0.3796766400337219,0.37967768103917404,r2
syllable_count,14,0.999997079372406,0.09216755628585815,0.09216782547375252,r2
syllable_count,15,0.9999968409538269,-0.18133175373077393,-0.18133232656796622,r2
syllable_count,16,0.9999956488609314,0.27765530347824097,0.2776565116003362,r2
syllable_count,17,0.9999939203262329,0.3337271213531494,0.33372915031750994,r2
syllable_count,18,0.9999915957450867,0.08316797018051147,0.08316866915120782,r2
syllable_count,19,0.9999930262565613,0.22378671169281006,0.22378827233480592,r2
syllable_count,20,0.9999919533729553,0.20175325870513916,0.20175488215143028,r2
syllable_count,21,0.9999910593032837,0.1471119523048401,0.14711326759994864,r2
syllable_count,22,0.9999902844429016,0.14320045709609985,0.1432018483818344,r2
syllable_count,23,0.9999909996986389,0.06562197208404541,0.06562256270688586,r2
syllable_count,24,0.9999862909317017,-0.3345252275466919,-0.3345298136387549,r2
