condition,task,english_score,bangla_score
baseline,voiced_unvoiced,1.0,0.6267748478701826
baseline,is_real_word,1.0,0.6263736263736264
baseline,syllable_count,0.9998217821121216,0.4533114433288574
phon_top5,voiced_unvoiced,1.0,0.4638694638694639
phon_top5,is_real_word,0.96,0.5703301673450927
phon_top5,syllable_count,0.545798659324646,0.5109263062477112
phon_top10,voiced_unvoiced,1.0,0.5019943019943021
phon_top10,is_real_word,0.9599358974358975,0.5703301673450927
phon_top10,syllable_count,0.35612982511520386,0.4444044828414917
phon_top20,voiced_unvoiced,0.9333333333333333,0.48660714285714285
phon_top20,is_real_word,0.7453310696095077,0.37629937629937626
phon_top20,syllable_count,0.34859025478363037,0.45649993419647217
random_top10,voiced_unvoiced,1.0,0.6349206349206349
random_top10,is_real_word,1.0,0.6263736263736264
random_top10,syllable_count,0.9794453978538513,0.4366917014122009
