task,layer,mean_score,std_score,metric,n_samples
voiced_unvoiced,0,0.48309523809523813,0.09228885934981916,f1_macro,30
voiced_unvoiced,1,0.5109523809523809,0.24246162938361196,f1_macro,30
voiced_unvoiced,2,0.3923809523809524,0.1750309334500593,f1_macro,30
voiced_unvoiced,3,0.359047619047619,0.1903654439954208,f1_macro,30
voiced_unvoiced,4,0.4228571428571429,0.1753622748416595,f1_macro,30
voiced_unvoiced,5,0.359047619047619,0.1903654439954208,f1_macro,30
voiced_unvoiced,6,0.41714285714285715,0.13714285714285712,f1_macro,30
voiced_unvoiced,7,0.4228571428571429,0.1753622748416595,f1_macro,30
voiced_unvoiced,8,0.585952380952381,0.22665916354128188,f1_macro,30
voiced_unvoiced,9,0.5211904761904762,0.18820129619945888,f1_macro,30
voiced_unvoiced,10,0.5083333333333333,0.2768874620972692,f1_macro,30
voiced_unvoiced,11,0.6183333333333334,0.12787199523559828,f1_macro,30
voiced_unvoiced,12,0.5192857142857144,0.11809235787578352,f1_macro,30
voiced_unvoiced,13,0.41714285714285715,0.13714285714285712,f1_macro,30
voiced_unvoiced,14,0.43047619047619046,0.13202075010410252,f1_macro,30
voiced_unvoiced,15,0.5599999999999999,0.17083495104593266,f1_macro,30
voiced_unvoiced,16,0.5192857142857144,0.11809235787578352,f1_macro,30
voiced_unvoiced,17,0.5573809523809523,0.1951689773125212,f1_macro,30
voiced_unvoiced,18,0.5192857142857142,0.2469133717560218,f1_macro,30
voiced_unvoiced,19,0.48119047619047617,0.18417001412908776,f1_macro,30
voiced_unvoiced,20,0.5516666666666666,0.16638683992090902,f1_macro,30
voiced_unvoiced,21,0.5497619047619048,0.07954091632370418,f1_macro,30
voiced_unvoiced,22,0.5859523809523809,0.08324621296364848,f1_macro,30
voiced_unvoiced,23,0.5276190476190477,0.12643372781162734,f1_macro,30
voiced_unvoiced,24,0.3376190476190476,0.20675881202310661,f1_macro,30
is_real_word,0,0.7303285603285603,0.14077378414737737,f1_macro,50
is_real_word,1,0.630050505050505,0.10316514250411872,f1_macro,50
is_real_word,2,0.7125252525252526,0.1233239434210415,f1_macro,50
is_real_word,3,0.7125252525252523,0.12332394342104148,f1_macro,50
is_real_word,4,0.755050505050505,0.1246359866591219,f1_macro,50
is_real_word,5,0.7756565656565655,0.12181516655396885,f1_macro,50
is_real_word,6,0.7764646464646464,0.10389791164051806,f1_macro,50
is_real_word,7,0.7785858585858586,0.07581115950114245,f1_macro,50
is_real_word,8,0.7975252525252525,0.06395790180059391,f1_macro,50
is_real_word,9,0.776919191919192,0.0754126152884138,f1_macro,50
is_real_word,10,0.816919191919192,0.11804036255070952,f1_macro,50
is_real_word,11,0.8375252525252526,0.10338565181259055,f1_macro,50
is_real_word,12,0.7781313131313132,0.09744459679189142,f1_macro,50
is_real_word,13,0.717979797979798,0.09798792010488319,f1_macro,50
is_real_word,14,0.7356565656565657,0.13889370055944375,f1_macro,50
is_real_word,15,0.7335858585858587,0.10581983252402509,f1_macro,50
is_real_word,16,0.7645965145965146,0.15754694503323433,f1_macro,50
is_real_word,17,0.7731313131313131,0.10322083294095824,f1_macro,50
is_real_word,18,0.7888639138639139,0.1503377672546587,f1_macro,50
is_real_word,19,0.7724497724497725,0.10377649646770538,f1_macro,50
is_real_word,20,0.7979797979797981,0.12776879435023752,f1_macro,50
is_real_word,21,0.7348484848484848,0.13969006753474073,f1_macro,50
is_real_word,22,0.7146464646464645,0.10214014351594287,f1_macro,50
is_real_word,23,0.7146464646464645,0.10214014351594287,f1_macro,50
is_real_word,24,0.6919191919191918,0.1153352247138307,f1_macro,50
orthographic_transparency,0,0.9199999999999999,0.09797958971132709,f1_macro,25
orthographic_transparency,1,0.8800000000000001,0.0979795897113271,f1_macro,25
orthographic_transparency,2,0.8323809523809524,0.08509831582357591,f1_macro,25
orthographic_transparency,3,0.9123809523809523,0.1079850497756828,f1_macro,25
orthographic_transparency,4,0.9199999999999999,0.09797958971132709,f1_macro,25
orthographic_transparency,5,0.9199999999999999,0.09797958971132709,f1_macro,25
orthographic_transparency,6,0.8800000000000001,0.0979795897113271,f1_macro,25
orthographic_transparency,7,0.8366666666666667,0.15506271132817345,f1_macro,25
orthographic_transparency,8,0.7857142857142856,0.1867188945399777,f1_macro,25
orthographic_transparency,9,0.8290476190476189,0.15759243049607385,f1_macro,25
orthographic_transparency,10,0.8290476190476189,0.15759243049607385,f1_macro,25
orthographic_transparency,11,0.8800000000000001,0.0979795897113271,f1_macro,25
orthographic_transparency,12,0.8366666666666667,0.15506271132817345,f1_macro,25
orthographic_transparency,13,0.8366666666666667,0.15506271132817345,f1_macro,25
orthographic_transparency,14,0.8366666666666667,0.15506271132817345,f1_macro,25
orthographic_transparency,15,0.7966666666666666,0.13182479955523463,f1_macro,25
orthographic_transparency,16,0.8366666666666667,0.15506271132817345,f1_macro,25
orthographic_transparency,17,0.8366666666666667,0.15506271132817345,f1_macro,25
orthographic_transparency,18,0.8366666666666667,0.15506271132817345,f1_macro,25
orthographic_transparency,19,0.8366666666666667,0.15506271132817345,f1_macro,25
orthographic_transparency,20,0.8366666666666667,0.15506271132817345,f1_macro,25
orthographic_transparency,21,0.8366666666666667,0.15506271132817345,f1_macro,25
orthographic_transparency,22,0.8800000000000001,0.0979795897113271,f1_macro,25
orthographic_transparency,23,0.8366666666666667,0.15506271132817345,f1_macro,25
orthographic_transparency,24,0.8333333333333333,0.2041241452319315,f1_macro,25
syllable_count,0,0.6250906944274902,0.07510505939824587,r2,185
syllable_count,1,0.6096767902374267,0.08506272117287962,r2,185
syllable_count,2,0.6515081405639649,0.08157563557461664,r2,185
syllable_count,3,0.6665441274642945,0.0899730182363654,r2,185
syllable_count,4,0.6585423469543457,0.09404594116028639,r2,185
syllable_count,5,0.6414616942405701,0.10067424163330223,r2,185
syllable_count,6,0.6598223090171814,0.11719379066776386,r2,185
syllable_count,7,0.6680694937705993,0.10943837395334484,r2,185
syllable_count,8,0.6736581206321717,0.09586064400693235,r2,185
syllable_count,9,0.6640034675598144,0.08399951794596824,r2,185
syllable_count,10,0.6497625827789306,0.10012715201871798,r2,185
syllable_count,11,0.6485631108283997,0.10878155001382407,r2,185
syllable_count,12,0.6555370092391968,0.08858453478473732,r2,185
syllable_count,13,0.5881346464157104,0.10177628082883318,r2,185
syllable_count,14,0.5736206650733948,0.0845986578998767,r2,185
syllable_count,15,0.6091275215148926,0.06203789535305503,r2,185
syllable_count,16,0.6106316328048706,0.09708290873658372,r2,185
syllable_count,17,0.6228145837783814,0.07828853917868821,r2,185
syllable_count,18,0.6153229951858521,0.08754773234233673,r2,185
syllable_count,19,0.6050312757492066,0.07188366416650262,r2,185
syllable_count,20,0.6001896381378173,0.08082079333064478,r2,185
syllable_count,21,0.6002214312553406,0.0951634305095097,r2,185
syllable_count,22,0.5274227976799011,0.06197192131198434,r2,185
syllable_count,23,0.5890304923057557,0.05626325237698519,r2,185
syllable_count,24,0.4796398520469666,0.08063552440266883,r2,185
