layer,en_voicing,bn_voicing,en_realword,bn_realword,en_syllable,bn_syllable
0,1.0,0.3333333333333333,0.46987951807228917,0.46987951807228917,0.438891403513073,-0.021358422363496832
1,1.0,0.3333333333333333,0.46987951807228917,0.46987951807228917,0.8291347283105067,-0.407422165819989
2,1.0,0.3333333333333333,0.6123835892272842,0.46987951807228917,0.9177577775101151,-0.9115416313594935
3,1.0,0.3333333333333333,0.9381153305203938,0.4472361809045226,0.9661618230246455,-1.0589380546865566
4,1.0,0.3333333333333333,0.9885171459888302,0.44940311399526034,0.9835247855125475,-1.4279381609329609
5,1.0,0.3333333333333333,1.0,0.49425287356321834,0.9907969121666275,-1.0760035251179105
6,1.0,0.3333333333333333,1.0,0.6357104768319721,0.9935380904707602,-0.8834247050598163
7,1.0,0.3333333333333333,1.0,0.8140486676453579,0.9952758018140045,-1.6088799076473372
8,1.0,0.3333333333333333,1.0,0.7017045454545454,0.9966242334927969,-2.60487831516018
9,1.0,0.3333333333333333,1.0,0.7454328693151934,0.9967753937899861,-2.2617097019071393
10,1.0,0.3333333333333333,1.0,0.850722897854794,0.9969379547146457,-1.8911851575703147
11,1.0,0.3333333333333333,1.0,0.8255352894528152,0.9971552777999972,-2.1197199464005734
12,1.0,0.3333333333333333,1.0,0.7623005319148937,0.9974235081847919,-2.042542900480512
13,1.0,0.6351136964569011,1.0,0.7097222222222223,0.9977462809016332,-1.4058619059835902
14,1.0,0.4638694638694639,1.0,0.7815490160678823,0.998258926963677,-1.2831605944621782
15,1.0,0.6928608115048793,1.0,0.607318161535029,0.9987701412431229,-0.8645605634345042
16,1.0,0.6645833333333333,1.0,0.6893011183632963,0.9993487014259326,-0.27849573552889617
17,1.0,0.6043010752688172,1.0,0.6695129664769133,0.9996657350356065,-0.4755876349546164
18,1.0,0.6351136964569011,1.0,0.6843963804899581,0.9998507525743235,-0.08139287707822151
19,1.0,0.6928608115048793,1.0,0.6356179509425034,0.9999094046060151,-0.1896954960599524
20,1.0,0.571975916803503,1.0,0.5462290377544614,0.9999388010303318,-0.2616860085699422
21,1.0,0.4638694638694639,1.0,0.6255564283843937,0.999960707003519,-0.2026393455533375
22,1.0,0.5019943019943021,1.0,0.6669972336760791,0.9999731358128107,-0.15880855386516446
23,1.0,0.42328358208955225,1.0,0.6440315256537398,0.9999801908629857,-0.16188055521931033
24,1.0,0.3333333333333333,1.0,0.6492346938775511,0.9999846513784719,-0.07112850523862835
25,1.0,0.3333333333333333,1.0,0.6764499008888036,0.9999877528346895,-0.051165520566183176
26,1.0,0.3333333333333333,1.0,0.64349376114082,0.9999901651827806,0.05512336719588784
27,1.0,0.42328358208955225,1.0,0.6343085106382979,0.999992337948963,0.0765259633105928
28,1.0,0.37990196078431376,1.0,0.6779220779220779,0.9999941624137539,0.13221502222560422
29,1.0,0.3333333333333333,1.0,0.7298245614035088,0.9999957260113461,0.18202975976438607
30,1.0,0.3333333333333333,1.0,0.787719298245614,0.9999969323365235,0.1723541730367103
31,1.0,0.3333333333333333,1.0,0.7450014488554042,0.9999980563116599,0.14625808454950495
32,1.0,0.5867612293144208,1.0,0.46987951807228917,0.9999999496698467,-2.9786361508445434
