layer,rdm_spearman,top1_alignment
0,0.062023295586260595,0.05
1,0.10045095286208541,0.15
2,0.16846216763549365,0.1
3,0.19251357013826015,0.45
4,0.25998066720028695,0.45
5,0.2842122758904242,0.65
6,0.3253360276782708,0.85
7,0.3430942102201402,0.7
8,0.36603638240452796,0.65
9,0.3733338582057238,0.65
10,0.4106505355885351,0.65
11,0.38949992783004633,0.65
12,0.35948247582306553,0.65
13,0.38665511947407794,0.65
14,0.33413463851601083,0.65
15,0.30539087684306754,0.65
16,0.33215936875347185,0.65
17,0.26752308345033615,0.6
18,0.2711726961382514,0.7
19,0.23560909253937637,0.55
20,0.23309670336399468,0.5
21,0.22512039260454803,0.55
22,0.14245124154190011,0.5
23,0.08507919012190163,0.45
24,0.07213583697463555,0.45
25,0.05159233161437626,0.45
26,0.05977509218071357,0.45
27,0.028440210473828553,0.5
28,0.029775135920079434,0.45
29,0.055170211742270166,0.45
30,0.03193761016852778,0.4
31,0.05973485196411622,0.35
32,-0.01175101803374055,0.1
