task,layer,kind,score
voicing,0,binary,0.47404761904761905
voicing,1,binary,0.5666666666666667
voicing,2,binary,0.5776190476190476
voicing,3,binary,0.5516666666666666
voicing,4,binary,0.510952380952381
voicing,5,binary,0.5211904761904762
voicing,6,binary,0.525
voicing,7,binary,0.525
voicing,8,binary,0.5471428571428572
voicing,9,binary,0.5833333333333333
voicing,10,binary,0.5833333333333333
voicing,11,binary,0.5833333333333333
voicing,12,binary,0.5833333333333333
voicing,13,binary,0.5471428571428572
voicing,14,binary,0.5109523809523809
voicing,15,binary,0.5304761904761904
voicing,16,binary,0.5471428571428572
voicing,17,binary,0.5471428571428572
voicing,18,binary,0.5795238095238096
voicing,19,binary,0.5414285714285715
voicing,20,binary,0.5192857142857144
voicing,21,binary,0.37761904761904763
voicing,22,binary,0.5045238095238095
voicing,23,binary,0.4830952380952381
voicing,24,binary,0.4830952380952381
realword,0,binary,0.720742671809723
realword,1,binary,0.73429275579494
realword,2,binary,0.7682612654213076
realword,3,binary,0.7639672823818675
realword,4,binary,0.7846653242641197
realword,5,binary,0.7870149654119982
realword,6,binary,0.7650371959273794
realword,7,binary,0.7737906115415827
realword,8,binary,0.756657395889557
realword,9,binary,0.7568437567950961
realword,10,binary,0.775470602086813
realword,11,binary,0.7761646985617314
realword,12,binary,0.7864258639910814
realword,13,binary,0.7758661916470135
realword,14,binary,0.7878987046463458
realword,15,binary,0.7897831556977406
realword,16,binary,0.7866494786779418
realword,17,binary,0.7800094855272983
realword,18,binary,0.7639672823818675
realword,19,binary,0.7474636203343742
realword,20,binary,0.7544665795002775
realword,21,binary,0.7468739286547506
realword,22,binary,0.7504250143831974
realword,23,binary,0.7779877016420614
realword,24,binary,0.8099723896267494
ortho,0,binary,0.6113451075056741
ortho,1,binary,0.619565723043783
ortho,2,binary,0.6225834164453091
ortho,3,binary,0.596350310666757
ortho,4,binary,0.5914779707362827
ortho,5,binary,0.6304897398312914
ortho,6,binary,0.625867992881773
ortho,7,binary,0.6311563146083554
ortho,8,binary,0.6259484019667085
ortho,9,binary,0.6461972378235992
ortho,10,binary,0.6186263030279722
ortho,11,binary,0.6292762975795685
ortho,12,binary,0.6318342900574695
ortho,13,binary,0.6225901103186352
ortho,14,binary,0.6147005233572399
ortho,15,binary,0.5831023454157783
ortho,16,binary,0.6346650790064212
ortho,17,binary,0.6517555664523627
ortho,18,binary,0.6300788565445616
ortho,19,binary,0.6087229437229438
ortho,20,binary,0.5930649090946009
ortho,21,binary,0.6867597378523086
ortho,22,binary,0.6052121439779949
ortho,23,binary,0.6352258694732392
ortho,24,binary,0.5995310847451109
syllable,0,regression,-0.5048376450484107
syllable,1,regression,0.4498649051662726
syllable,2,regression,0.5471507392539962
syllable,3,regression,0.5888738769798562
syllable,4,regression,0.6164646571650361
syllable,5,regression,0.6341889289884273
syllable,6,regression,0.6495882596903026
syllable,7,regression,0.6516774183868765
syllable,8,regression,0.6562402328657992
syllable,9,regression,0.6752107892012023
syllable,10,regression,0.6962803545652887
syllable,11,regression,0.7046440217116605
syllable,12,regression,0.7388212339903062
syllable,13,regression,0.7384539525788142
syllable,14,regression,0.7235277355293436
syllable,15,regression,0.7334372483909516
syllable,16,regression,0.7398834045453999
syllable,17,regression,0.7410797202604616
syllable,18,regression,0.7200850186410522
syllable,19,regression,0.7395263041350557
syllable,20,regression,0.7641343154341713
syllable,21,regression,0.7571004493172094
syllable,22,regression,0.6576355705684367
syllable,23,regression,0.6858481377481147
syllable,24,regression,0.6286311638245872
