model,layer,rel_depth,bn_transfer_f1,n_layers
xlmr,0,0.0,0.5989304812834224,25
xlmr,1,0.041666666666666664,0.6666666666666666,25
xlmr,2,0.08333333333333333,0.7028862478777589,25
xlmr,3,0.125,0.7083333333333334,25
xlmr,4,0.16666666666666666,0.75,25
xlmr,5,0.20833333333333334,0.8389694041867954,25
xlmr,6,0.25,0.8397435897435898,25
xlmr,7,0.2916666666666667,0.8,25
xlmr,8,0.3333333333333333,0.8193496587715776,25
xlmr,9,0.375,0.84,25
xlmr,10,0.4166666666666667,0.8397435897435898,25
xlmr,11,0.4583333333333333,0.797077922077922,25
xlmr,12,0.5,0.8397435897435898,25
xlmr,13,0.5416666666666666,0.7987117552334944,25
xlmr,14,0.5833333333333334,0.8397435897435898,25
xlmr,15,0.625,0.8199279711884754,25
xlmr,16,0.6666666666666666,0.8594941790445605,25
xlmr,17,0.7083333333333334,0.8181818181818181,25
xlmr,18,0.75,0.76,25
xlmr,19,0.7916666666666666,0.7398959583833533,25
xlmr,20,0.8333333333333334,0.75,25
xlmr,21,0.875,0.6899545266639107,25
xlmr,22,0.9166666666666666,0.6179966044142615,25
xlmr,23,0.9583333333333334,0.6006725514922235,25
xlmr,24,1.0,0.44147644487615345,25
llama,0,0.0,0.3333333333333333,33
llama,1,0.03125,0.3333333333333333,33
llama,2,0.0625,0.3333333333333333,33
llama,3,0.09375,0.3333333333333333,33
llama,4,0.125,0.3333333333333333,33
llama,5,0.15625,0.3333333333333333,33
llama,6,0.1875,0.3333333333333333,33
llama,7,0.21875,0.3333333333333333,33
llama,8,0.25,0.3333333333333333,33
llama,9,0.28125,0.3333333333333333,33
llama,10,0.3125,0.3333333333333333,33
llama,11,0.34375,0.3333333333333333,33
llama,12,0.375,0.3333333333333333,33
llama,13,0.40625,0.3333333333333333,33
llama,14,0.4375,0.3333333333333333,33
llama,15,0.46875,0.3333333333333333,33
llama,16,0.5,0.3333333333333333,33
llama,17,0.53125,0.3333333333333333,33
llama,18,0.5625,0.3333333333333333,33
llama,19,0.59375,0.3333333333333333,33
llama,20,0.625,0.3333333333333333,33
llama,21,0.65625,0.3333333333333333,33
llama,22,0.6875,0.3333333333333333,33
llama,23,0.71875,0.3333333333333333,33
llama,24,0.75,0.3333333333333333,33
llama,25,0.78125,0.3333333333333333,33
llama,26,0.8125,0.3333333333333333,33
llama,27,0.84375,0.3333333333333333,33
llama,28,0.875,0.3333333333333333,33
llama,29,0.90625,0.3333333333333333,33
llama,30,0.9375,0.3333333333333333,33
llama,31,0.96875,0.6353496353496353,33
llama,32,1.0,0.3333333333333333,33
bloom,0,0.0,0.4485294117647059,31
bloom,1,0.03333333333333333,0.7756017951856384,31
bloom,2,0.06666666666666667,0.6961805555555556,31
bloom,3,0.1,0.6703296703296704,31
bloom,4,0.13333333333333333,0.6703296703296704,31
bloom,5,0.16666666666666666,0.6703296703296704,31
bloom,6,0.2,0.6703296703296704,31
bloom,7,0.23333333333333334,0.6703296703296704,31
bloom,8,0.26666666666666666,0.6703296703296704,31
bloom,9,0.3,0.6703296703296704,31
bloom,10,0.3333333333333333,0.6961805555555556,31
bloom,11,0.36666666666666664,0.7211497211497211,31
bloom,12,0.4,0.7453310696095077,31
bloom,13,0.43333333333333335,0.7688104245481295,31
bloom,14,0.4666666666666667,0.7688104245481295,31
bloom,15,0.5,0.7916666666666667,31
bloom,16,0.5333333333333333,0.7916666666666667,31
bloom,17,0.5666666666666667,0.7916666666666667,31
bloom,18,0.6,0.8139727159983464,31
bloom,19,0.6333333333333333,0.8139727159983464,31
bloom,20,0.6666666666666666,0.8357963875205254,31
bloom,21,0.7,0.8357963875205254,31
bloom,22,0.7333333333333333,0.8572011423908609,31
bloom,23,0.7666666666666667,0.8572011423908609,31
bloom,24,0.8,0.9194847020933977,31
bloom,25,0.8333333333333334,0.9198717948717949,31
bloom,26,0.8666666666666667,0.8999599839935974,31
bloom,27,0.9,0.88,31
bloom,28,0.9333333333333333,0.88,31
bloom,29,0.9666666666666667,0.8798076923076923,31
bloom,30,1.0,0.7688104245481295,31
mt5,0,0.0,0.40476190476190477,25
mt5,1,0.041666666666666664,0.5091164095371669,25
mt5,2,0.08333333333333333,0.5404411764705883,25
mt5,3,0.125,0.5091164095371669,25
mt5,4,0.16666666666666666,0.47619047619047616,25
mt5,5,0.20833333333333334,0.4165398274987316,25
mt5,6,0.25,0.4900437105390966,25
mt5,7,0.2916666666666667,0.4165398274987316,25
mt5,8,0.3333333333333333,0.4900437105390966,25
mt5,9,0.375,0.45436507936507936,25
mt5,10,0.4166666666666667,0.4900437105390966,25
mt5,11,0.4583333333333333,0.45436507936507936,25
mt5,12,0.5,0.5558672276764843,25
mt5,13,0.5416666666666666,0.5558672276764843,25
mt5,14,0.5833333333333334,0.4900437105390966,25
mt5,15,0.625,0.5863970588235294,25
mt5,16,0.6666666666666666,0.5558672276764843,25
mt5,17,0.7083333333333334,0.4900437105390966,25
mt5,18,0.75,0.5404411764705883,25
mt5,19,0.7916666666666666,0.5703301673450927,25
mt5,20,0.8333333333333334,0.5989304812834224,25
mt5,21,0.875,0.5989304812834224,25
mt5,22,0.9166666666666666,0.45436507936507936,25
mt5,23,0.9583333333333334,0.4165398274987316,25
mt5,24,1.0,0.5659722222222222,25
