task,layer,kind,bn_score
voicing,0,binary,0.6080200501253132
voicing,1,binary,0.5216201423097975
voicing,2,binary,0.5216201423097975
voicing,3,binary,0.6043010752688172
voicing,4,binary,0.5548387096774194
voicing,5,binary,0.5548387096774194
voicing,6,binary,0.5983564458140729
voicing,7,binary,0.56875
voicing,8,binary,0.5548387096774194
voicing,9,binary,0.5379464285714286
voicing,10,binary,0.5019943019943021
voicing,11,binary,0.42328358208955225
voicing,12,binary,0.41025641025641024
voicing,13,binary,0.4495726495726496
voicing,14,binary,0.5216201423097975
voicing,15,binary,0.6734279918864097
voicing,16,binary,0.5983564458140729
voicing,17,binary,0.5216201423097975
voicing,18,binary,0.5019943019943021
voicing,19,binary,0.42328358208955225
voicing,20,binary,0.3333333333333333
voicing,21,binary,0.3235294117647059
voicing,22,binary,0.5851922164214522
voicing,23,binary,0.532656023222061
voicing,24,binary,0.47126436781609193
realword,0,binary,0.4710382513661202
realword,1,binary,0.4416376100002372
realword,2,binary,0.48492829967808015
realword,3,binary,0.48010208904433316
realword,4,binary,0.4404807454254912
realword,5,binary,0.4605742569719746
realword,6,binary,0.45715902659875496
realword,7,binary,0.4874662193644581
realword,8,binary,0.5008980054825598
realword,9,binary,0.45343449942926206
realword,10,binary,0.46711941143180535
realword,11,binary,0.47393591582974653
realword,12,binary,0.4637053087757313
realword,13,binary,0.5351548269581057
realword,14,binary,0.5351548269581057
realword,15,binary,0.5866740758381626
realword,16,binary,0.6121212121212121
realword,17,binary,0.6669089147286822
realword,18,binary,0.6669089147286822
realword,19,binary,0.6546106223525578
realword,20,binary,0.6167247386759582
realword,21,binary,0.6019582801191996
realword,22,binary,0.5249064209617046
realword,23,binary,0.43541488451668087
realword,24,binary,0.43619653587840224
ortho,0,binary,0.5633756924079505
ortho,1,binary,0.5285714285714286
ortho,2,binary,0.5286195286195285
ortho,3,binary,0.5495238095238095
ortho,4,binary,0.5420146457348582
ortho,5,binary,0.5777561753782497
ortho,6,binary,0.5424898383590131
ortho,7,binary,0.5387195974280123
ortho,8,binary,0.5635650947680394
ortho,9,binary,0.5412360503219596
ortho,10,binary,0.5525423728813559
ortho,11,binary,0.5845981022490977
ortho,12,binary,0.5706415672323921
ortho,13,binary,0.5636609907120743
ortho,14,binary,0.5910887719573811
ortho,15,binary,0.5845242956308697
ortho,16,binary,0.6030518610165997
ortho,17,binary,0.5672131147540984
ortho,18,binary,0.5707161957071619
ortho,19,binary,0.5707735830650669
ortho,20,binary,0.5460044118693517
ortho,21,binary,0.5743034055727554
ortho,22,binary,0.5549425287356322
ortho,23,binary,0.5596995596995596
ortho,24,binary,0.5773935901324436
syllable,0,regression,-0.8823464701572168
syllable,1,regression,-0.15011516570157446
syllable,2,regression,0.034262571017707355
syllable,3,regression,0.1187965569910886
syllable,4,regression,0.09440087167943423
syllable,5,regression,-0.02204534243927081
syllable,6,regression,-0.15645105710182783
syllable,7,regression,-0.1360945013596595
syllable,8,regression,-0.08479376904661029
syllable,9,regression,-0.16225437211895888
syllable,10,regression,-0.19225828378725418
syllable,11,regression,-0.2868819010613681
syllable,12,regression,-0.22063596380053352
syllable,13,regression,0.10586395440413177
syllable,14,regression,0.03972272261938625
syllable,15,regression,0.07172994634411933
syllable,16,regression,0.13487958551169443
syllable,17,regression,0.03961580209786941
syllable,18,regression,0.17739296435945895
syllable,19,regression,0.3762509426148405
syllable,20,regression,0.5679917128934517
syllable,21,regression,0.514062209632622
syllable,22,regression,0.3459335365621109
syllable,23,regression,0.3366875237551813
syllable,24,regression,0.17305062855398679
