model,task,n_layers,emerge_EN,emerge_BN,peak_EN_L,peak_EN_v,peak_BN_L,peak_BN_v,peak_gap_layers,peak_gap_rel
xlmr,voicing,25,7,0,11,0.6183333333333334,1,0.7912914862914863,-10,-0.4166666666666667
xlmr,realword,25,0,0,19,0.8391891579260001,12,0.8476165074849286,-7,-0.2916666666666667
xlmr,ortho,25,0,0,9,0.6806858308666246,23,0.831772125921369,14,0.5833333333333334
xlmr,syllable,25,0,0,10,0.7974674794630767,22,0.7151792023381922,12,0.5
llama,voicing,33,0,0,0,0.659047619047619,4,1.0,4,0.125
llama,realword,33,0,0,11,0.8211814421482615,23,0.7661464601310921,12,0.375
llama,ortho,33,0,0,0,0.6358466730201805,1,0.9249829677509009,1,0.03125
llama,syllable,33,0,0,14,0.7974669962868225,12,0.7886277814005356,-2,-0.0625
bloom,voicing,31,6,0,6,0.5516666666666666,9,0.8125757575757575,3,0.1
bloom,realword,31,0,0,22,0.7869751528897379,14,0.8128151246858787,-8,-0.26666666666666666
bloom,ortho,31,0,0,12,0.6809953897868598,5,0.8191349227860434,-7,-0.23333333333333334
bloom,syllable,31,0,2,27,0.8355908050029781,14,0.7225021515372115,-13,-0.43333333333333335
mt5,voicing,25,1,0,9,0.5833333333333333,6,0.8658225108225108,-3,-0.125
mt5,realword,25,0,0,24,0.8099723896267494,11,0.7826737163092663,-13,-0.5416666666666666
mt5,ortho,25,0,0,21,0.6867597378523086,7,0.8152099020936987,-14,-0.5833333333333334
mt5,syllable,25,1,1,20,0.7641343154341713,22,0.7077007417783953,2,0.08333333333333333
