model,task,layer,kind,n_layers,rel_depth,en_score,bn_score,chance_en,chance_bn
xlmr,voicing,0,binary,25,0.0,0.4247619047619048,0.7714213564213565,0.4960000000000001,0.4921739130434783
xlmr,voicing,1,binary,25,0.041666666666666664,0.5109523809523809,0.7912914862914863,0.4960000000000001,0.4921739130434783
xlmr,voicing,2,binary,25,0.08333333333333333,0.47214285714285714,0.7714935064935065,0.4960000000000001,0.4921739130434783
xlmr,voicing,3,binary,25,0.125,0.40619047619047616,0.7513636363636363,0.4960000000000001,0.4921739130434783
xlmr,voicing,4,binary,25,0.16666666666666666,0.37571428571428567,0.7496969696969698,0.4960000000000001,0.4921739130434783
xlmr,voicing,5,binary,25,0.20833333333333334,0.359047619047619,0.7245670995670996,0.4960000000000001,0.4921739130434783
xlmr,voicing,6,binary,25,0.25,0.32285714285714284,0.7661616161616162,0.4960000000000001,0.4921739130434783
xlmr,voicing,7,binary,25,0.2916666666666667,0.5516666666666666,0.7462914862914863,0.4960000000000001,0.4921739130434783
xlmr,voicing,8,binary,25,0.3333333333333333,0.5516666666666666,0.7714935064935065,0.4960000000000001,0.4921739130434783
xlmr,voicing,9,binary,25,0.375,0.5211904761904762,0.7247402597402598,0.4960000000000001,0.4921739130434783
xlmr,voicing,10,binary,25,0.4166666666666667,0.5971428571428572,0.7448701298701299,0.4960000000000001,0.4921739130434783
xlmr,voicing,11,binary,25,0.4583333333333333,0.6183333333333334,0.7194083694083694,0.4960000000000001,0.4921739130434783
xlmr,voicing,12,binary,25,0.5,0.48880952380952386,0.6641341991341991,0.4960000000000001,0.4921739130434783
xlmr,voicing,13,binary,25,0.5416666666666666,0.41714285714285715,0.5997402597402597,0.4960000000000001,0.4921739130434783
xlmr,voicing,14,binary,25,0.5833333333333334,0.43047619047619046,0.558860028860029,0.4960000000000001,0.4921739130434783
xlmr,voicing,15,binary,25,0.625,0.49142857142857144,0.5922510822510823,0.4960000000000001,0.4921739130434783
xlmr,voicing,16,binary,25,0.6666666666666666,0.5516666666666666,0.5681529581529582,0.4960000000000001,0.4921739130434783
xlmr,voicing,17,binary,25,0.7083333333333334,0.5573809523809523,0.6091341991341992,0.4960000000000001,0.4921739130434783
xlmr,voicing,18,binary,25,0.75,0.5516666666666666,0.5892640692640694,0.4960000000000001,0.4921739130434783
xlmr,voicing,19,binary,25,0.7916666666666666,0.48119047619047617,0.5695238095238095,0.4960000000000001,0.4921739130434783
xlmr,voicing,20,binary,25,0.8333333333333334,0.5516666666666666,0.5747402597402597,0.4960000000000001,0.4921739130434783
xlmr,voicing,21,binary,25,0.875,0.5219047619047619,0.5898701298701299,0.4960000000000001,0.4921739130434783
xlmr,voicing,22,binary,25,0.9166666666666666,0.5859523809523809,0.6371395271395272,0.4960000000000001,0.4921739130434783
xlmr,voicing,23,binary,25,0.9583333333333334,0.49714285714285705,0.6342640692640693,0.4960000000000001,0.4921739130434783
xlmr,voicing,24,binary,25,1.0,0.3376190476190476,0.6314069264069263,0.4960000000000001,0.4921739130434783
xlmr,realword,0,binary,25,0.0,0.7617020817020816,0.6421925911853389,0.4950153846153846,0.4950153846153846
xlmr,realword,1,binary,25,0.041666666666666664,0.6956653104165721,0.6634519595513797,0.4950153846153846,0.4950153846153846
xlmr,realword,2,binary,25,0.08333333333333333,0.7327771012771012,0.6743835984126073,0.4950153846153846,0.4950153846153846
xlmr,realword,3,binary,25,0.125,0.798236842105263,0.6836759653727447,0.4950153846153846,0.4950153846153846
xlmr,realword,4,binary,25,0.16666666666666666,0.8369157914862357,0.7451727792331508,0.4950153846153846,0.4950153846153846
xlmr,realword,5,binary,25,0.20833333333333334,0.8182785793312111,0.7425264465264465,0.4950153846153846,0.4950153846153846
xlmr,realword,6,binary,25,0.25,0.8022986595972943,0.7460915809151103,0.4950153846153846,0.4950153846153846
xlmr,realword,7,binary,25,0.2916666666666667,0.8193511830353936,0.7560369878178097,0.4950153846153846,0.4950153846153846
xlmr,realword,8,binary,25,0.3333333333333333,0.8152480197148388,0.7249156971241506,0.4950153846153846,0.4950153846153846
xlmr,realword,9,binary,25,0.375,0.8120839944369356,0.7855265489015488,0.4950153846153846,0.4950153846153846
xlmr,realword,10,binary,25,0.4166666666666667,0.8025877767215398,0.7935347818087545,0.4950153846153846,0.4950153846153846
xlmr,realword,11,binary,25,0.4583333333333333,0.7802430596486324,0.833632015597048,0.4950153846153846,0.4950153846153846
xlmr,realword,12,binary,25,0.5,0.8166456420250265,0.8476165074849286,0.4950153846153846,0.4950153846153846
xlmr,realword,13,binary,25,0.5416666666666666,0.8031796885659224,0.8405319264969588,0.4950153846153846,0.4950153846153846
xlmr,realword,14,binary,25,0.5833333333333334,0.8038868055360483,0.7964202641044746,0.4950153846153846,0.4950153846153846
xlmr,realword,15,binary,25,0.625,0.8265922433730651,0.7993340358271864,0.4950153846153846,0.4950153846153846
xlmr,realword,16,binary,25,0.6666666666666666,0.8213899511885858,0.8089560169560169,0.4950153846153846,0.4950153846153846
xlmr,realword,17,binary,25,0.7083333333333334,0.8247745975485701,0.7944291497975708,0.4950153846153846,0.4950153846153846
xlmr,realword,18,binary,25,0.75,0.8339610401452505,0.7652315252315253,0.4950153846153846,0.4950153846153846
xlmr,realword,19,binary,25,0.7916666666666666,0.8391891579260001,0.8167346944189049,0.4950153846153846,0.4950153846153846
xlmr,realword,20,binary,25,0.8333333333333334,0.8329480565097003,0.802191646295577,0.4950153846153846,0.4950153846153846
xlmr,realword,21,binary,25,0.875,0.8327361527361526,0.7735605207097637,0.4950153846153846,0.4950153846153846
xlmr,realword,22,binary,25,0.9166666666666666,0.8284164449152703,0.7943397414889845,0.4950153846153846,0.4950153846153846
xlmr,realword,23,binary,25,0.9583333333333334,0.7862832883290706,0.8129013442697653,0.4950153846153846,0.4950153846153846
xlmr,realword,24,binary,25,1.0,0.8003574556689147,0.76513157570202,0.4950153846153846,0.4950153846153846
xlmr,ortho,0,binary,25,0.0,0.6348312058761378,0.8190934760097953,0.48976286871023716,0.49417270531400964
xlmr,ortho,1,binary,25,0.041666666666666664,0.6162947171847748,0.7887453369451721,0.48976286871023716,0.49417270531400964
xlmr,ortho,2,binary,25,0.08333333333333333,0.6231656860931519,0.7660635668522568,0.48976286871023716,0.49417270531400964
xlmr,ortho,3,binary,25,0.125,0.603003965336648,0.7710035898147158,0.48976286871023716,0.49417270531400964
xlmr,ortho,4,binary,25,0.16666666666666666,0.6524750745928035,0.7647316308367218,0.48976286871023716,0.49417270531400964
xlmr,ortho,5,binary,25,0.20833333333333334,0.6596707785489643,0.7510939671129708,0.48976286871023716,0.49417270531400964
xlmr,ortho,6,binary,25,0.25,0.6148437287700719,0.7782087909404589,0.48976286871023716,0.49417270531400964
xlmr,ortho,7,binary,25,0.2916666666666667,0.608529488394988,0.7760817776378417,0.48976286871023716,0.49417270531400964
xlmr,ortho,8,binary,25,0.3333333333333333,0.6282535423250655,0.7878123206070212,0.48976286871023716,0.49417270531400964
xlmr,ortho,9,binary,25,0.375,0.6806858308666246,0.7902425792017663,0.48976286871023716,0.49417270531400964
xlmr,ortho,10,binary,25,0.4166666666666667,0.6574633281829035,0.7681208231011845,0.48976286871023716,0.49417270531400964
xlmr,ortho,11,binary,25,0.4583333333333333,0.6657654309800638,0.75633574423591,0.48976286871023716,0.49417270531400964
xlmr,ortho,12,binary,25,0.5,0.6112140919554295,0.7539648138757491,0.48976286871023716,0.49417270531400964
xlmr,ortho,13,binary,25,0.5416666666666666,0.6417636537636537,0.7525665564942826,0.48976286871023716,0.49417270531400964
xlmr,ortho,14,binary,25,0.5833333333333334,0.6150951724397371,0.7572770479825037,0.48976286871023716,0.49417270531400964
xlmr,ortho,15,binary,25,0.625,0.5914659449219266,0.7730563575527684,0.48976286871023716,0.49417270531400964
xlmr,ortho,16,binary,25,0.6666666666666666,0.5967763141292555,0.7539738123793851,0.48976286871023716,0.49417270531400964
xlmr,ortho,17,binary,25,0.7083333333333334,0.634872598333091,0.7571592768647326,0.48976286871023716,0.49417270531400964
xlmr,ortho,18,binary,25,0.75,0.6747842108020236,0.7577726301872822,0.48976286871023716,0.49417270531400964
xlmr,ortho,19,binary,25,0.7916666666666666,0.6519117543473754,0.7928912326886861,0.48976286871023716,0.49417270531400964
xlmr,ortho,20,binary,25,0.8333333333333334,0.6726065839997064,0.7747548358074672,0.48976286871023716,0.49417270531400964
xlmr,ortho,21,binary,25,0.875,0.6184248362939839,0.7718708679325117,0.48976286871023716,0.49417270531400964
xlmr,ortho,22,binary,25,0.9166666666666666,0.6301738879280954,0.7720682605682606,0.48976286871023716,0.49417270531400964
xlmr,ortho,23,binary,25,0.9583333333333334,0.6762626840487251,0.831772125921369,0.48976286871023716,0.49417270531400964
xlmr,ortho,24,binary,25,1.0,0.6478252521665944,0.7612042517220644,0.48976286871023716,0.49417270531400964
xlmr,syllable,0,regression,25,0.0,0.6455848730695485,0.44197595256432665,0.0,0.0
xlmr,syllable,1,regression,25,0.041666666666666664,0.684878137206599,0.44850502066982667,0.0,0.0
xlmr,syllable,2,regression,25,0.08333333333333333,0.724506466072441,0.542177423205693,0.0,0.0
xlmr,syllable,3,regression,25,0.125,0.7134945506720387,0.5891910476578014,0.0,0.0
xlmr,syllable,4,regression,25,0.16666666666666666,0.7540117421189345,0.6233801027546099,0.0,0.0
xlmr,syllable,5,regression,25,0.20833333333333334,0.7585569476799707,0.6596660943389197,0.0,0.0
xlmr,syllable,6,regression,25,0.25,0.7648805212049984,0.6383397853096492,0.0,0.0
xlmr,syllable,7,regression,25,0.2916666666666667,0.7517697259871913,0.6450443642791864,0.0,0.0
xlmr,syllable,8,regression,25,0.3333333333333333,0.7765798710398519,0.6551880415605809,0.0,0.0
xlmr,syllable,9,regression,25,0.375,0.7966623306831849,0.6485434899552023,0.0,0.0
xlmr,syllable,10,regression,25,0.4166666666666667,0.7974674794630767,0.68656242674266,0.0,0.0
xlmr,syllable,11,regression,25,0.4583333333333333,0.7843496080723776,0.657248829312658,0.0,0.0
xlmr,syllable,12,regression,25,0.5,0.7819117762796781,0.665458303095716,0.0,0.0
xlmr,syllable,13,regression,25,0.5416666666666666,0.7328500050566266,0.6160132885808239,0.0,0.0
xlmr,syllable,14,regression,25,0.5833333333333334,0.7066360963847889,0.6316035176322166,0.0,0.0
xlmr,syllable,15,regression,25,0.625,0.6998547799044015,0.6754096976108382,0.0,0.0
xlmr,syllable,16,regression,25,0.6666666666666666,0.7441548372834247,0.6500113756535824,0.0,0.0
xlmr,syllable,17,regression,25,0.7083333333333334,0.7678615440060563,0.6344545454905652,0.0,0.0
xlmr,syllable,18,regression,25,0.75,0.7650666795354679,0.6405694956715934,0.0,0.0
xlmr,syllable,19,regression,25,0.7916666666666666,0.7746433194544565,0.6763896795471762,0.0,0.0
xlmr,syllable,20,regression,25,0.8333333333333334,0.7339237089300352,0.6763374638867976,0.0,0.0
xlmr,syllable,21,regression,25,0.875,0.7302301637012767,0.6966412698283972,0.0,0.0
xlmr,syllable,22,regression,25,0.9166666666666666,0.7327104102903492,0.7151792023381922,0.0,0.0
xlmr,syllable,23,regression,25,0.9583333333333334,0.7619034278653349,0.7064430503689134,0.0,0.0
xlmr,syllable,24,regression,25,1.0,0.7164638908385639,0.6801175246813692,0.0,0.0
llama,voicing,0,binary,33,0.0,0.659047619047619,0.9099999999999999,0.4960000000000001,0.4921739130434783
llama,voicing,1,binary,33,0.03125,0.6545238095238095,0.9555555555555555,0.4960000000000001,0.4921739130434783
llama,voicing,2,binary,33,0.0625,0.5923809523809525,0.9777777777777779,0.4960000000000001,0.4921739130434783
llama,voicing,3,binary,33,0.09375,0.5961904761904762,0.9797979797979798,0.4960000000000001,0.4921739130434783
llama,voicing,4,binary,33,0.125,0.6583333333333332,1.0,0.4960000000000001,0.4921739130434783
llama,voicing,5,binary,33,0.15625,0.6545238095238095,1.0,0.4960000000000001,0.4921739130434783
llama,voicing,6,binary,33,0.1875,0.5923809523809523,0.9797979797979798,0.4960000000000001,0.4921739130434783
llama,voicing,7,binary,33,0.21875,0.5554761904761905,0.9766233766233766,0.4960000000000001,0.4921739130434783
llama,voicing,8,binary,33,0.25,0.5349999999999999,1.0,0.4960000000000001,0.4921739130434783
llama,voicing,9,binary,33,0.28125,0.45999999999999996,1.0,0.4960000000000001,0.4921739130434783
llama,voicing,10,binary,33,0.3125,0.45999999999999996,0.9766233766233766,0.4960000000000001,0.4921739130434783
llama,voicing,11,binary,33,0.34375,0.45999999999999996,0.9766233766233766,0.4960000000000001,0.4921739130434783
llama,voicing,12,binary,33,0.375,0.3888095238095238,0.9766233766233766,0.4960000000000001,0.4921739130434783
llama,voicing,13,binary,33,0.40625,0.39714285714285713,1.0,0.4960000000000001,0.4921739130434783
llama,voicing,14,binary,33,0.4375,0.4442857142857143,0.9766233766233766,0.4960000000000001,0.4921739130434783
llama,voicing,15,binary,33,0.46875,0.5276190476190477,0.9766233766233766,0.4960000000000001,0.4921739130434783
llama,voicing,16,binary,33,0.5,0.5128571428571429,0.9766233766233766,0.4960000000000001,0.4921739130434783
llama,voicing,17,binary,33,0.53125,0.5128571428571429,1.0,0.4960000000000001,0.4921739130434783
llama,voicing,18,binary,33,0.5625,0.5238095238095238,0.9766233766233766,0.4960000000000001,0.4921739130434783
llama,voicing,19,binary,33,0.59375,0.5295238095238095,0.9766233766233766,0.4960000000000001,0.4921739130434783
llama,voicing,20,binary,33,0.625,0.5295238095238095,0.9766233766233766,0.4960000000000001,0.4921739130434783
llama,voicing,21,binary,33,0.65625,0.4526190476190476,1.0,0.4960000000000001,0.4921739130434783
llama,voicing,22,binary,33,0.6875,0.5026190476190476,1.0,0.4960000000000001,0.4921739130434783
llama,voicing,23,binary,33,0.71875,0.460952380952381,1.0,0.4960000000000001,0.4921739130434783
llama,voicing,24,binary,33,0.75,0.4080952380952382,1.0,0.4960000000000001,0.4921739130434783
llama,voicing,25,binary,33,0.78125,0.4080952380952382,1.0,0.4960000000000001,0.4921739130434783
llama,voicing,26,binary,33,0.8125,0.4247619047619048,1.0,0.4960000000000001,0.4921739130434783
llama,voicing,27,binary,33,0.84375,0.48309523809523813,1.0,0.4960000000000001,0.4921739130434783
llama,voicing,28,binary,33,0.875,0.4442857142857143,1.0,0.4960000000000001,0.4921739130434783
llama,voicing,29,binary,33,0.90625,0.5192857142857144,1.0,0.4960000000000001,0.4921739130434783
llama,voicing,30,binary,33,0.9375,0.47214285714285714,1.0,0.4960000000000001,0.4921739130434783
llama,voicing,31,binary,33,0.96875,0.525,1.0,0.4960000000000001,0.4921739130434783
llama,voicing,32,binary,33,1.0,0.5026190476190476,1.0,0.4960000000000001,0.4921739130434783
llama,realword,0,binary,33,0.0,0.6039220883165866,0.5601321624050359,0.4950153846153846,0.4950153846153846
llama,realword,1,binary,33,0.03125,0.6776146404009213,0.6807975262060075,0.4950153846153846,0.4950153846153846
llama,realword,2,binary,33,0.0625,0.7047541515075106,0.6907180085409091,0.4950153846153846,0.4950153846153846
llama,realword,3,binary,33,0.09375,0.6712523899956759,0.6573956599012741,0.4950153846153846,0.4950153846153846
llama,realword,4,binary,33,0.125,0.6782510732294567,0.6729173392445305,0.4950153846153846,0.4950153846153846
llama,realword,5,binary,33,0.15625,0.7048235877327048,0.6750040407184354,0.4950153846153846,0.4950153846153846
llama,realword,6,binary,33,0.1875,0.7362471800014001,0.6912770846156548,0.4950153846153846,0.4950153846153846
llama,realword,7,binary,33,0.21875,0.7675478803483018,0.7415600626098001,0.4950153846153846,0.4950153846153846
llama,realword,8,binary,33,0.25,0.7799477870205642,0.7308211682725076,0.4950153846153846,0.4950153846153846
llama,realword,9,binary,33,0.28125,0.7630382260830049,0.7305441508778809,0.4950153846153846,0.4950153846153846
llama,realword,10,binary,33,0.3125,0.7949454907263126,0.7393442556148263,0.4950153846153846,0.4950153846153846
llama,realword,11,binary,33,0.34375,0.8211814421482615,0.7186503034243302,0.4950153846153846,0.4950153846153846
llama,realword,12,binary,33,0.375,0.8109556309647843,0.7339371778394537,0.4950153846153846,0.4950153846153846
llama,realword,13,binary,33,0.40625,0.7802975302676795,0.7314123661091624,0.4950153846153846,0.4950153846153846
llama,realword,14,binary,33,0.4375,0.7804161588131917,0.7499664291684525,0.4950153846153846,0.4950153846153846
llama,realword,15,binary,33,0.46875,0.760432611629408,0.7507233982113602,0.4950153846153846,0.4950153846153846
llama,realword,16,binary,33,0.5,0.7519607843137255,0.7359772660253812,0.4950153846153846,0.4950153846153846
llama,realword,17,binary,33,0.53125,0.7653749881259593,0.7290807970883123,0.4950153846153846,0.4950153846153846
llama,realword,18,binary,33,0.5625,0.7594282860620492,0.7429140559732665,0.4950153846153846,0.4950153846153846
llama,realword,19,binary,33,0.59375,0.774280718940761,0.752953738512949,0.4950153846153846,0.4950153846153846
llama,realword,20,binary,33,0.625,0.761498778998779,0.7335413172526783,0.4950153846153846,0.4950153846153846
llama,realword,21,binary,33,0.65625,0.7176645712440821,0.7448553840574073,0.4950153846153846,0.4950153846153846
llama,realword,22,binary,33,0.6875,0.6963561328636482,0.7648514126433592,0.4950153846153846,0.4950153846153846
llama,realword,23,binary,33,0.71875,0.7140830501814482,0.7661464601310921,0.4950153846153846,0.4950153846153846
llama,realword,24,binary,33,0.75,0.6995372459442605,0.7489915088725158,0.4950153846153846,0.4950153846153846
llama,realword,25,binary,33,0.78125,0.6826829890900037,0.7343129205097167,0.4950153846153846,0.4950153846153846
llama,realword,26,binary,33,0.8125,0.682484846445339,0.7291106001833686,0.4950153846153846,0.4950153846153846
llama,realword,27,binary,33,0.84375,0.7000835131790266,0.7222106892834577,0.4950153846153846,0.4950153846153846
llama,realword,28,binary,33,0.875,0.7082173492529747,0.7248166171439286,0.4950153846153846,0.4950153846153846
llama,realword,29,binary,33,0.90625,0.7128987895724243,0.7159837506640032,0.4950153846153846,0.4950153846153846
llama,realword,30,binary,33,0.9375,0.7392622462255461,0.7126192291059334,0.4950153846153846,0.4950153846153846
llama,realword,31,binary,33,0.96875,0.7472075673114796,0.7023998294970161,0.4950153846153846,0.4950153846153846
llama,realword,32,binary,33,1.0,0.7083060875086586,0.705056712788874,0.4950153846153846,0.4950153846153846
llama,ortho,0,binary,33,0.0,0.6358466730201805,0.9162728661452771,0.48976286871023716,0.49417270531400964
llama,ortho,1,binary,33,0.03125,0.5889917640866408,0.9249829677509009,0.48976286871023716,0.49417270531400964
llama,ortho,2,binary,33,0.0625,0.5885118249184745,0.9208505163251374,0.48976286871023716,0.49417270531400964
llama,ortho,3,binary,33,0.09375,0.5576008539140196,0.8922673934496448,0.48976286871023716,0.49417270531400964
llama,ortho,4,binary,33,0.125,0.5884728534802569,0.8965735381021128,0.48976286871023716,0.49417270531400964
llama,ortho,5,binary,33,0.15625,0.5644249800205319,0.8774762937197862,0.48976286871023716,0.49417270531400964
llama,ortho,6,binary,33,0.1875,0.5624776570256373,0.8741391238769755,0.48976286871023716,0.49417270531400964
llama,ortho,7,binary,33,0.21875,0.6047791898185721,0.8681911056575325,0.48976286871023716,0.49417270531400964
llama,ortho,8,binary,33,0.25,0.6175676572741198,0.8715821338590217,0.48976286871023716,0.49417270531400964
llama,ortho,9,binary,33,0.28125,0.6263874082005418,0.8662112206866064,0.48976286871023716,0.49417270531400964
llama,ortho,10,binary,33,0.3125,0.6253706286954515,0.8545214653375336,0.48976286871023716,0.49417270531400964
llama,ortho,11,binary,33,0.34375,0.6066481240383478,0.860147123686304,0.48976286871023716,0.49417270531400964
llama,ortho,12,binary,33,0.375,0.6284648214739748,0.864987500700594,0.48976286871023716,0.49417270531400964
llama,ortho,13,binary,33,0.40625,0.6280928765205254,0.8540830266860017,0.48976286871023716,0.49417270531400964
llama,ortho,14,binary,33,0.4375,0.6179518157985834,0.8568510737628385,0.48976286871023716,0.49417270531400964
llama,ortho,15,binary,33,0.46875,0.6250994062250574,0.8681765338896271,0.48976286871023716,0.49417270531400964
llama,ortho,16,binary,33,0.5,0.6170342046336247,0.879400487003462,0.48976286871023716,0.49417270531400964
llama,ortho,17,binary,33,0.53125,0.6286497832964031,0.8728058538450341,0.48976286871023716,0.49417270531400964
llama,ortho,18,binary,33,0.5625,0.5890181843070119,0.8675444907185479,0.48976286871023716,0.49417270531400964
llama,ortho,19,binary,33,0.59375,0.5750544478246511,0.8662112206866064,0.48976286871023716,0.49417270531400964
llama,ortho,20,binary,33,0.625,0.5915437325716717,0.8513629724891147,0.48976286871023716,0.49417270531400964
llama,ortho,21,binary,33,0.65625,0.5871491963563574,0.8632335405419342,0.48976286871023716,0.49417270531400964
llama,ortho,22,binary,33,0.6875,0.5909244726360235,0.860147123686304,0.48976286871023716,0.49417270531400964
llama,ortho,23,binary,33,0.71875,0.6042967709549859,0.8715821338590217,0.48976286871023716,0.49417270531400964
llama,ortho,24,binary,33,0.75,0.6001417424290272,0.8564867785405543,0.48976286871023716,0.49417270531400964
llama,ortho,25,binary,33,0.78125,0.606087441409168,0.8564867785405543,0.48976286871023716,0.49417270531400964
llama,ortho,26,binary,33,0.8125,0.6131727226224624,0.8621124368893248,0.48976286871023716,0.49417270531400964
llama,ortho,27,binary,33,0.84375,0.5939584704834542,0.8715821338590217,0.48976286871023716,0.49417270531400964
llama,ortho,28,binary,33,0.875,0.6102838079929044,0.864987500700594,0.48976286871023716,0.49417270531400964
llama,ortho,29,binary,33,0.90625,0.596640819657026,0.860147123686304,0.48976286871023716,0.49417270531400964
llama,ortho,30,binary,33,0.9375,0.6151233227060925,0.8492601022110471,0.48976286871023716,0.49417270531400964
llama,ortho,31,binary,33,0.96875,0.6292099896175003,0.837707903937021,0.48976286871023716,0.49417270531400964
llama,ortho,32,binary,33,1.0,0.6250902928206321,0.8484573683372311,0.48976286871023716,0.49417270531400964
llama,syllable,0,regression,33,0.0,0.5883217431337555,0.3351921579161915,0.0,0.0
llama,syllable,1,regression,33,0.03125,0.723686307725272,0.6167921742021244,0.0,0.0
llama,syllable,2,regression,33,0.0625,0.7400308456748628,0.6440609165823066,0.0,0.0
llama,syllable,3,regression,33,0.09375,0.7371992017451107,0.6669112191997854,0.0,0.0
llama,syllable,4,regression,33,0.125,0.7596027156601106,0.7171952233511665,0.0,0.0
llama,syllable,5,regression,33,0.15625,0.7745801528005971,0.7499331457591776,0.0,0.0
llama,syllable,6,regression,33,0.1875,0.7622154462765282,0.7799417250565823,0.0,0.0
llama,syllable,7,regression,33,0.21875,0.7525431886074612,0.7842762992283829,0.0,0.0
llama,syllable,8,regression,33,0.25,0.7584129659392256,0.7842225771454806,0.0,0.0
llama,syllable,9,regression,33,0.28125,0.7626092820702257,0.7773770677707476,0.0,0.0
llama,syllable,10,regression,33,0.3125,0.7725900011055175,0.7782566402427212,0.0,0.0
llama,syllable,11,regression,33,0.34375,0.7829452264875915,0.7835332658916287,0.0,0.0
llama,syllable,12,regression,33,0.375,0.785156927782612,0.7886277814005356,0.0,0.0
llama,syllable,13,regression,33,0.40625,0.7843098716932635,0.786727800574486,0.0,0.0
llama,syllable,14,regression,33,0.4375,0.7974669962868225,0.7820978507047827,0.0,0.0
llama,syllable,15,regression,33,0.46875,0.785152407810755,0.7832971028793356,0.0,0.0
llama,syllable,16,regression,33,0.5,0.7733856216365664,0.7726719852181348,0.0,0.0
llama,syllable,17,regression,33,0.53125,0.759828611200799,0.7331784695620781,0.0,0.0
llama,syllable,18,regression,33,0.5625,0.7459656464389638,0.7417297344073764,0.0,0.0
llama,syllable,19,regression,33,0.59375,0.7346650232038067,0.740419410426132,0.0,0.0
llama,syllable,20,regression,33,0.625,0.7345462719341308,0.7366458471772748,0.0,0.0
llama,syllable,21,regression,33,0.65625,0.725571066764976,0.7256776733836856,0.0,0.0
llama,syllable,22,regression,33,0.6875,0.7212129887589322,0.7246101645752809,0.0,0.0
llama,syllable,23,regression,33,0.71875,0.7250228068313895,0.722455252628236,0.0,0.0
llama,syllable,24,regression,33,0.75,0.7260807517798391,0.7237114184062208,0.0,0.0
llama,syllable,25,regression,33,0.78125,0.7304022776287238,0.723405929160867,0.0,0.0
llama,syllable,26,regression,33,0.8125,0.7309507037735686,0.7327268700692311,0.0,0.0
llama,syllable,27,regression,33,0.84375,0.7218880979303182,0.7234393072612798,0.0,0.0
llama,syllable,28,regression,33,0.875,0.7286022390888945,0.7298817978475654,0.0,0.0
llama,syllable,29,regression,33,0.90625,0.7393978003941258,0.7332323826007376,0.0,0.0
llama,syllable,30,regression,33,0.9375,0.7445679635828121,0.7480277779962646,0.0,0.0
llama,syllable,31,regression,33,0.96875,0.7548552997665505,0.7495846725984414,0.0,0.0
llama,syllable,32,regression,33,1.0,0.6940387772551458,0.7148135885309687,0.0,0.0
bloom,voicing,0,binary,31,0.0,0.36738095238095236,0.6875557775557776,0.4960000000000001,0.4921739130434783
bloom,voicing,1,binary,31,0.03333333333333333,0.41452380952380957,0.6840043290043291,0.4960000000000001,0.4921739130434783
bloom,voicing,2,binary,31,0.06666666666666667,0.549047619047619,0.7075974025974026,0.4960000000000001,0.4921739130434783
bloom,voicing,3,binary,31,0.1,0.5211904761904762,0.6617932067932067,0.4960000000000001,0.4921739130434783
bloom,voicing,4,binary,31,0.13333333333333333,0.49333333333333335,0.6815911865911866,0.4960000000000001,0.4921739130434783
bloom,voicing,5,binary,31,0.16666666666666666,0.49333333333333335,0.6948701298701299,0.4960000000000001,0.4921739130434783
bloom,voicing,6,binary,31,0.2,0.5516666666666666,0.7764935064935065,0.4960000000000001,0.4921739130434783
bloom,voicing,7,binary,31,0.23333333333333334,0.49333333333333335,0.7945382395382395,0.4960000000000001,0.4921739130434783
bloom,voicing,8,binary,31,0.26666666666666666,0.5211904761904762,0.7927777777777778,0.4960000000000001,0.4921739130434783
bloom,voicing,9,binary,31,0.3,0.5211904761904762,0.8125757575757575,0.4960000000000001,0.4921739130434783
bloom,voicing,10,binary,31,0.3333333333333333,0.5211904761904762,0.7924458874458875,0.4960000000000001,0.4921739130434783
bloom,voicing,11,binary,31,0.36666666666666664,0.5211904761904762,0.7696681096681097,0.4960000000000001,0.4921739130434783
bloom,voicing,12,binary,31,0.4,0.5211904761904762,0.7696681096681097,0.4960000000000001,0.4921739130434783
bloom,voicing,13,binary,31,0.43333333333333335,0.48047619047619045,0.748001443001443,0.4960000000000001,0.4921739130434783
bloom,voicing,14,binary,31,0.4666666666666667,0.48047619047619045,0.748001443001443,0.4960000000000001,0.4921739130434783
bloom,voicing,15,binary,31,0.5,0.48047619047619045,0.748001443001443,0.4960000000000001,0.4921739130434783
bloom,voicing,16,binary,31,0.5333333333333333,0.4638095238095238,0.748001443001443,0.4960000000000001,0.4921739130434783
bloom,voicing,17,binary,31,0.5666666666666667,0.4638095238095238,0.748001443001443,0.4960000000000001,0.4921739130434783
bloom,voicing,18,binary,31,0.6,0.4638095238095238,0.748001443001443,0.4960000000000001,0.4921739130434783
bloom,voicing,19,binary,31,0.6333333333333333,0.4638095238095238,0.748001443001443,0.4960000000000001,0.4921739130434783
bloom,voicing,20,binary,31,0.6666666666666666,0.4638095238095238,0.748001443001443,0.4960000000000001,0.4921739130434783
bloom,voicing,21,binary,31,0.7,0.5,0.7080735930735931,0.4960000000000001,0.4921739130434783
bloom,voicing,22,binary,31,0.7333333333333333,0.5,0.7080735930735931,0.4960000000000001,0.4921739130434783
bloom,voicing,23,binary,31,0.7666666666666667,0.5,0.6847402597402598,0.4960000000000001,0.4921739130434783
bloom,voicing,24,binary,31,0.8,0.5,0.663073593073593,0.4960000000000001,0.4921739130434783
bloom,voicing,25,binary,31,0.8333333333333334,0.5,0.663073593073593,0.4960000000000001,0.4921739130434783
bloom,voicing,26,binary,31,0.8666666666666667,0.4638095238095238,0.6163203463203464,0.4960000000000001,0.4921739130434783
bloom,voicing,27,binary,31,0.9,0.4638095238095238,0.6332034632034632,0.4960000000000001,0.4921739130434783
bloom,voicing,28,binary,31,0.9333333333333333,0.4638095238095238,0.6342640692640693,0.4960000000000001,0.4921739130434783
bloom,voicing,29,binary,31,0.9666666666666667,0.5,0.6416666666666666,0.4960000000000001,0.4921739130434783
bloom,voicing,30,binary,31,1.0,0.5045238095238095,0.6664935064935065,0.4960000000000001,0.4921739130434783
bloom,realword,0,binary,31,0.0,0.6483517903460306,0.7345852943066566,0.4950153846153846,0.4950153846153846
bloom,realword,1,binary,31,0.03333333333333333,0.6882539463968628,0.7009431717892637,0.4950153846153846,0.4950153846153846
bloom,realword,2,binary,31,0.06666666666666667,0.6811091884109555,0.6977591717701351,0.4950153846153846,0.4950153846153846
bloom,realword,3,binary,31,0.1,0.6581762377727731,0.7376095272010761,0.4950153846153846,0.4950153846153846
bloom,realword,4,binary,31,0.13333333333333333,0.7082352007163134,0.7373822183335577,0.4950153846153846,0.4950153846153846
bloom,realword,5,binary,31,0.16666666666666666,0.6911413025511922,0.7289002402496095,0.4950153846153846,0.4950153846153846
bloom,realword,6,binary,31,0.2,0.7119395226155543,0.7189562435902672,0.4950153846153846,0.4950153846153846
bloom,realword,7,binary,31,0.23333333333333334,0.7123050957564351,0.7249718303510504,0.4950153846153846,0.4950153846153846
bloom,realword,8,binary,31,0.26666666666666666,0.7250663721349195,0.737830611080585,0.4950153846153846,0.4950153846153846
bloom,realword,9,binary,31,0.3,0.7305142360320487,0.7528575698077804,0.4950153846153846,0.4950153846153846
bloom,realword,10,binary,31,0.3333333333333333,0.7353516263872518,0.7721691095576764,0.4950153846153846,0.4950153846153846
bloom,realword,11,binary,31,0.36666666666666664,0.7472475274552792,0.7873160697131025,0.4950153846153846,0.4950153846153846
bloom,realword,12,binary,31,0.4,0.7510419938584413,0.797006578561543,0.4950153846153846,0.4950153846153846
bloom,realword,13,binary,31,0.43333333333333335,0.7624501004679132,0.797006578561543,0.4950153846153846,0.4950153846153846
bloom,realword,14,binary,31,0.4666666666666667,0.751894690146273,0.8128151246858787,0.4950153846153846,0.4950153846153846
bloom,realword,15,binary,31,0.5,0.7681007853994201,0.8010778234307647,0.4950153846153846,0.4950153846153846
bloom,realword,16,binary,31,0.5333333333333333,0.7681007853994201,0.8018222333101953,0.4950153846153846,0.4950153846153846
bloom,realword,17,binary,31,0.5666666666666667,0.763302796755745,0.8070245254946748,0.4950153846153846,0.4950153846153846
bloom,realword,18,binary,31,0.6,0.7576521118242381,0.8111175059704472,0.4950153846153846,0.4950153846153846
bloom,realword,19,binary,31,0.6333333333333333,0.767097263158907,0.8122118436998058,0.4950153846153846,0.4950153846153846
bloom,realword,20,binary,31,0.6666666666666666,0.7758533925871627,0.8018222333101953,0.4950153846153846,0.4950153846153846
bloom,realword,21,binary,31,0.7,0.7828821724139654,0.8087221442101061,0.4950153846153846,0.4950153846153846
bloom,realword,22,binary,31,0.7333333333333333,0.7869751528897379,0.8128151246858787,0.4950153846153846,0.4950153846153846
bloom,realword,23,binary,31,0.7666666666666667,0.7648198586324737,0.7992610066139477,0.4950153846153846,0.4950153846153846
bloom,realword,24,binary,31,0.8,0.77681627224867,0.8087423078585187,0.4950153846153846,0.4950153846153846
bloom,realword,25,binary,31,0.8333333333333334,0.7763678795016424,0.8044483248190787,0.4950153846153846,0.4950153846153846
bloom,realword,26,binary,31,0.8666666666666667,0.7492742449463712,0.8065108453637866,0.4950153846153846,0.4950153846153846
bloom,realword,27,binary,31,0.9,0.7453735188666695,0.7950720510233904,0.4950153846153846,0.4950153846153846
bloom,realword,28,binary,31,0.9333333333333333,0.7563146605954826,0.7945169215299048,0.4950153846153846,0.4950153846153846
bloom,realword,29,binary,31,0.9666666666666667,0.7601726959414798,0.8007227359548974,0.4950153846153846,0.4950153846153846
bloom,realword,30,binary,31,1.0,0.7434812960120919,0.7779419834070158,0.4950153846153846,0.4950153846153846
bloom,ortho,0,binary,31,0.0,0.6326695847543533,0.6943089349087288,0.48976286871023716,0.49417270531400964
bloom,ortho,1,binary,31,0.03333333333333333,0.6361315039073787,0.7308561044555123,0.48976286871023716,0.49417270531400964
bloom,ortho,2,binary,31,0.06666666666666667,0.587799313161338,0.7668919234360411,0.48976286871023716,0.49417270531400964
bloom,ortho,3,binary,31,0.1,0.6176468075025586,0.7643163403412528,0.48976286871023716,0.49417270531400964
bloom,ortho,4,binary,31,0.13333333333333333,0.6095417754773929,0.7876487941403771,0.48976286871023716,0.49417270531400964
bloom,ortho,5,binary,31,0.16666666666666666,0.6122773372795013,0.8191349227860434,0.48976286871023716,0.49417270531400964
bloom,ortho,6,binary,31,0.2,0.6175424958540631,0.8074451674369705,0.48976286871023716,0.49417270531400964
bloom,ortho,7,binary,31,0.23333333333333334,0.6205167182826654,0.8186964841345115,0.48976286871023716,0.49417270531400964
bloom,ortho,8,binary,31,0.26666666666666666,0.6347119236041519,0.8100633685057523,0.48976286871023716,0.49417270531400964
bloom,ortho,9,binary,31,0.3,0.651490381182801,0.805359614548267,0.48976286871023716,0.49417270531400964
bloom,ortho,10,binary,31,0.3333333333333333,0.6319519251469994,0.8000982514217808,0.48976286871023716,0.49417270531400964
bloom,ortho,11,binary,31,0.36666666666666664,0.6739559513084659,0.7951406863061823,0.48976286871023716,0.49417270531400964
bloom,ortho,12,binary,31,0.4,0.6809953897868598,0.7912459145228025,0.48976286871023716,0.49417270531400964
bloom,ortho,13,binary,31,0.43333333333333335,0.6583799423874577,0.8009072335958862,0.48976286871023716,0.49417270531400964
bloom,ortho,14,binary,31,0.4666666666666667,0.6626039794201111,0.800542938373602,0.48976286871023716,0.49417270531400964
bloom,ortho,15,binary,31,0.5,0.641045182452197,0.8061685967223724,0.48976286871023716,0.49417270531400964
bloom,ortho,16,binary,31,0.5333333333333333,0.6201643192488263,0.7990578089594108,0.48976286871023716,0.49417270531400964
bloom,ortho,17,binary,31,0.5666666666666667,0.6308203765600738,0.8091358482605623,0.48976286871023716,0.49417270531400964
bloom,ortho,18,binary,31,0.6,0.6342973554007876,0.8103204516485356,0.48976286871023716,0.49417270531400964
bloom,ortho,19,binary,31,0.6333333333333333,0.6297912337032823,0.8038744851340759,0.48976286871023716,0.49417270531400964
bloom,ortho,20,binary,31,0.6666666666666666,0.6271596884042145,0.8085038050894827,0.48976286871023716,0.49417270531400964
bloom,ortho,21,binary,31,0.7,0.6513497548997089,0.8149497716039426,0.48976286871023716,0.49417270531400964
bloom,ortho,22,binary,31,0.7333333333333333,0.6359287958557573,0.8140503486041244,0.48976286871023716,0.49417270531400964
bloom,ortho,23,binary,31,0.7666666666666667,0.6396094454342682,0.8012160128407269,0.48976286871023716,0.49417270531400964
bloom,ortho,24,binary,31,0.8,0.6430691869762015,0.8033527940352178,0.48976286871023716,0.49417270531400964
bloom,ortho,25,binary,31,0.8333333333333334,0.6511160465428029,0.793798554677,0.48976286871023716,0.49417270531400964
bloom,ortho,26,binary,31,0.8666666666666667,0.6525117083494237,0.7839386106994091,0.48976286871023716,0.49417270531400964
bloom,ortho,27,binary,31,0.9,0.6808264480787491,0.7796235326615049,0.48976286871023716,0.49417270531400964
bloom,ortho,28,binary,31,0.9333333333333333,0.6721417016885233,0.8018341312167596,0.48976286871023716,0.49417270531400964
bloom,ortho,29,binary,31,0.9666666666666667,0.6466363645660745,0.7872369538219292,0.48976286871023716,0.49417270531400964
bloom,ortho,30,binary,31,1.0,0.6373507969920961,0.7517645707648569,0.48976286871023716,0.49417270531400964
bloom,syllable,0,regression,31,0.0,0.4688712928960387,-0.10051467659451663,0.0,0.0
bloom,syllable,1,regression,31,0.03333333333333333,0.5191358474786023,0.2923380320733064,0.0,0.0
bloom,syllable,2,regression,31,0.06666666666666667,0.6114130322167313,0.5263840925504853,0.0,0.0
bloom,syllable,3,regression,31,0.1,0.6684386322756412,0.5861968451201222,0.0,0.0
bloom,syllable,4,regression,31,0.13333333333333333,0.7035015129827158,0.6399522572168811,0.0,0.0
bloom,syllable,5,regression,31,0.16666666666666666,0.7325783735511623,0.6658797096017232,0.0,0.0
bloom,syllable,6,regression,31,0.2,0.7547095959750024,0.6725792114579291,0.0,0.0
bloom,syllable,7,regression,31,0.23333333333333334,0.7680347111067458,0.6969745486171094,0.0,0.0
bloom,syllable,8,regression,31,0.26666666666666666,0.7970858243117792,0.7184568488268119,0.0,0.0
bloom,syllable,9,regression,31,0.3,0.8069522090855384,0.7168305004766469,0.0,0.0
bloom,syllable,10,regression,31,0.3333333333333333,0.8102869114210558,0.7113376378399991,0.0,0.0
bloom,syllable,11,regression,31,0.36666666666666664,0.8102672579663548,0.7133918885865314,0.0,0.0
bloom,syllable,12,regression,31,0.4,0.807469475266133,0.7148159867738288,0.0,0.0
bloom,syllable,13,regression,31,0.43333333333333335,0.8085275117676041,0.7112517372199963,0.0,0.0
bloom,syllable,14,regression,31,0.4666666666666667,0.8101167777971326,0.7225021515372115,0.0,0.0
bloom,syllable,15,regression,31,0.5,0.8109668039540644,0.7185059159542309,0.0,0.0
bloom,syllable,16,regression,31,0.5333333333333333,0.8105164611021504,0.7198953343460573,0.0,0.0
bloom,syllable,17,regression,31,0.5666666666666667,0.8136841670401669,0.7146689847453848,0.0,0.0
bloom,syllable,18,regression,31,0.6,0.8090450357073979,0.7142968767665987,0.0,0.0
bloom,syllable,19,regression,31,0.6333333333333333,0.8138550841096501,0.7063549372382123,0.0,0.0
bloom,syllable,20,regression,31,0.6666666666666666,0.8146443449654164,0.6971977920674496,0.0,0.0
bloom,syllable,21,regression,31,0.7,0.8216262628694337,0.6919958404554133,0.0,0.0
bloom,syllable,22,regression,31,0.7333333333333333,0.8196397469239433,0.6910063191055489,0.0,0.0
bloom,syllable,23,regression,31,0.7666666666666667,0.822638319121235,0.686867748366339,0.0,0.0
bloom,syllable,24,regression,31,0.8,0.8255745666082731,0.6801690508622723,0.0,0.0
bloom,syllable,25,regression,31,0.8333333333333334,0.8288808248293396,0.6778825739467603,0.0,0.0
bloom,syllable,26,regression,31,0.8666666666666667,0.8343452062051169,0.668346431637688,0.0,0.0
bloom,syllable,27,regression,31,0.9,0.8355908050029781,0.6591426834108921,0.0,0.0
bloom,syllable,28,regression,31,0.9333333333333333,0.8354842692558689,0.6588480470920951,0.0,0.0
bloom,syllable,29,regression,31,0.9666666666666667,0.834968431883293,0.6509419483087893,0.0,0.0
bloom,syllable,30,regression,31,1.0,0.7994007194840581,0.6437658526842561,0.0,0.0
mt5,voicing,0,binary,25,0.0,0.47404761904761905,0.79995670995671,0.4960000000000001,0.4921739130434783
mt5,voicing,1,binary,25,0.041666666666666664,0.5666666666666667,0.8215800865800865,0.4960000000000001,0.4921739130434783
mt5,voicing,2,binary,25,0.08333333333333333,0.5776190476190476,0.8443578643578643,0.4960000000000001,0.4921739130434783
mt5,voicing,3,binary,25,0.125,0.5516666666666666,0.8443578643578643,0.4960000000000001,0.4921739130434783
mt5,voicing,4,binary,25,0.16666666666666666,0.510952380952381,0.8443578643578643,0.4960000000000001,0.4921739130434783
mt5,voicing,5,binary,25,0.20833333333333334,0.5211904761904762,0.8643578643578642,0.4960000000000001,0.4921739130434783
mt5,voicing,6,binary,25,0.25,0.525,0.8658225108225108,0.4960000000000001,0.4921739130434783
mt5,voicing,7,binary,25,0.2916666666666667,0.525,0.841024531024531,0.4960000000000001,0.4921739130434783
mt5,voicing,8,binary,25,0.3333333333333333,0.5471428571428572,0.8594011544011544,0.4960000000000001,0.4921739130434783
mt5,voicing,9,binary,25,0.375,0.5833333333333333,0.7714213564213563,0.4960000000000001,0.4921739130434783
mt5,voicing,10,binary,25,0.4166666666666667,0.5833333333333333,0.7497546897546897,0.4960000000000001,0.4921739130434783
mt5,voicing,11,binary,25,0.4583333333333333,0.5833333333333333,0.7941991341991341,0.4960000000000001,0.4921739130434783
mt5,voicing,12,binary,25,0.5,0.5833333333333333,0.8175324675324676,0.4960000000000001,0.4921739130434783
mt5,voicing,13,binary,25,0.5416666666666666,0.5471428571428572,0.7394988344988345,0.4960000000000001,0.4921739130434783
mt5,voicing,14,binary,25,0.5833333333333334,0.5109523809523809,0.7167210567210567,0.4960000000000001,0.4921739130434783
mt5,voicing,15,binary,25,0.625,0.5304761904761904,0.7630341880341881,0.4960000000000001,0.4921739130434783
mt5,voicing,16,binary,25,0.6666666666666666,0.5471428571428572,0.7124825174825176,0.4960000000000001,0.4921739130434783
mt5,voicing,17,binary,25,0.7083333333333334,0.5471428571428572,0.699022644022644,0.4960000000000001,0.4921739130434783
mt5,voicing,18,binary,25,0.75,0.5795238095238096,0.6821395271395272,0.4960000000000001,0.4921739130434783
mt5,voicing,19,binary,25,0.7916666666666666,0.5414285714285715,0.7677344877344877,0.4960000000000001,0.4921739130434783
mt5,voicing,20,binary,25,0.8333333333333334,0.5192857142857144,0.7630341880341881,0.4960000000000001,0.4921739130434783
mt5,voicing,21,binary,25,0.875,0.37761904761904763,0.7138744588744589,0.4960000000000001,0.4921739130434783
mt5,voicing,22,binary,25,0.9166666666666666,0.5045238095238095,0.6283333333333333,0.4960000000000001,0.4921739130434783
mt5,voicing,23,binary,25,0.9583333333333334,0.4830952380952381,0.6180752580752581,0.4960000000000001,0.4921739130434783
mt5,voicing,24,binary,25,1.0,0.4830952380952381,0.6164085914085915,0.4960000000000001,0.4921739130434783
mt5,realword,0,binary,25,0.0,0.720742671809723,0.682996800542259,0.4950153846153846,0.4950153846153846
mt5,realword,1,binary,25,0.041666666666666664,0.73429275579494,0.7033759937869527,0.4950153846153846,0.4950153846153846
mt5,realword,2,binary,25,0.08333333333333333,0.7682612654213076,0.7052359707537835,0.4950153846153846,0.4950153846153846
mt5,realword,3,binary,25,0.125,0.7639672823818675,0.7043576362754445,0.4950153846153846,0.4950153846153846
mt5,realword,4,binary,25,0.16666666666666666,0.7846653242641197,0.7132598344576527,0.4950153846153846,0.4950153846153846
mt5,realword,5,binary,25,0.20833333333333334,0.7870149654119982,0.7147888222888222,0.4950153846153846,0.4950153846153846
mt5,realword,6,binary,25,0.25,0.7650371959273794,0.7307651646264126,0.4950153846153846,0.4950153846153846
mt5,realword,7,binary,25,0.2916666666666667,0.7737906115415827,0.7529396665380648,0.4950153846153846,0.4950153846153846
mt5,realword,8,binary,25,0.3333333333333333,0.756657395889557,0.7548097081482783,0.4950153846153846,0.4950153846153846
mt5,realword,9,binary,25,0.375,0.7568437567950961,0.7797708534922158,0.4950153846153846,0.4950153846153846
mt5,realword,10,binary,25,0.4166666666666667,0.775470602086813,0.7562461045136308,0.4950153846153846,0.4950153846153846
mt5,realword,11,binary,25,0.4583333333333333,0.7761646985617314,0.7826737163092663,0.4950153846153846,0.4950153846153846
mt5,realword,12,binary,25,0.5,0.7864258639910814,0.7610144432358055,0.4950153846153846,0.4950153846153846
mt5,realword,13,binary,25,0.5416666666666666,0.7758661916470135,0.7396450509944203,0.4950153846153846,0.4950153846153846
mt5,realword,14,binary,25,0.5833333333333334,0.7878987046463458,0.7816653847815956,0.4950153846153846,0.4950153846153846
mt5,realword,15,binary,25,0.625,0.7897831556977406,0.7747654738816848,0.4950153846153846,0.4950153846153846
mt5,realword,16,binary,25,0.6666666666666666,0.7866494786779418,0.7415561999447666,0.4950153846153846,0.4950153846153846
mt5,realword,17,binary,25,0.7083333333333334,0.7800094855272983,0.7576114692452324,0.4950153846153846,0.4950153846153846
mt5,realword,18,binary,25,0.75,0.7639672823818675,0.7472068848762735,0.4950153846153846,0.4950153846153846
mt5,realword,19,binary,25,0.7916666666666666,0.7474636203343742,0.7591057941414198,0.4950153846153846,0.4950153846153846
mt5,realword,20,binary,25,0.8333333333333334,0.7544665795002775,0.7371790373936464,0.4950153846153846,0.4950153846153846
mt5,realword,21,binary,25,0.875,0.7468739286547506,0.7628889954795856,0.4950153846153846,0.4950153846153846
mt5,realword,22,binary,25,0.9166666666666666,0.7504250143831974,0.7575164546764968,0.4950153846153846,0.4950153846153846
mt5,realword,23,binary,25,0.9583333333333334,0.7779877016420614,0.7248658594912237,0.4950153846153846,0.4950153846153846
mt5,realword,24,binary,25,1.0,0.8099723896267494,0.7794043797048011,0.4950153846153846,0.4950153846153846
mt5,ortho,0,binary,25,0.0,0.6113451075056741,0.7445995223208247,0.48976286871023716,0.49417270531400964
mt5,ortho,1,binary,25,0.041666666666666664,0.619565723043783,0.75448752228164,0.48976286871023716,0.49417270531400964
mt5,ortho,2,binary,25,0.08333333333333333,0.6225834164453091,0.7749756980878263,0.48976286871023716,0.49417270531400964
mt5,ortho,3,binary,25,0.125,0.596350310666757,0.7880465576990615,0.48976286871023716,0.49417270531400964
mt5,ortho,4,binary,25,0.16666666666666666,0.5914779707362827,0.7936622707128091,0.48976286871023716,0.49417270531400964
mt5,ortho,5,binary,25,0.20833333333333334,0.6304897398312914,0.7840936297067673,0.48976286871023716,0.49417270531400964
mt5,ortho,6,binary,25,0.25,0.625867992881773,0.8039359388655164,0.48976286871023716,0.49417270531400964
mt5,ortho,7,binary,25,0.2916666666666667,0.6311563146083554,0.8152099020936987,0.48976286871023716,0.49417270531400964
mt5,ortho,8,binary,25,0.3333333333333333,0.6259484019667085,0.7998476263121571,0.48976286871023716,0.49417270531400964
mt5,ortho,9,binary,25,0.375,0.6461972378235992,0.8066923918031976,0.48976286871023716,0.49417270531400964
mt5,ortho,10,binary,25,0.4166666666666667,0.6186263030279722,0.7911817628940998,0.48976286871023716,0.49417270531400964
mt5,ortho,11,binary,25,0.4583333333333333,0.6292762975795685,0.8076393813407543,0.48976286871023716,0.49417270531400964
mt5,ortho,12,binary,25,0.5,0.6318342900574695,0.7735233643626451,0.48976286871023716,0.49417270531400964
mt5,ortho,13,binary,25,0.5416666666666666,0.6225901103186352,0.7759149578977281,0.48976286871023716,0.49417270531400964
mt5,ortho,14,binary,25,0.5833333333333334,0.6147005233572399,0.7825549492301149,0.48976286871023716,0.49417270531400964
mt5,ortho,15,binary,25,0.625,0.5831023454157783,0.7737589599812067,0.48976286871023716,0.49417270531400964
mt5,ortho,16,binary,25,0.6666666666666666,0.6346650790064212,0.7630764201387679,0.48976286871023716,0.49417270531400964
mt5,ortho,17,binary,25,0.7083333333333334,0.6517555664523627,0.7841734835213096,0.48976286871023716,0.49417270531400964
mt5,ortho,18,binary,25,0.75,0.6300788565445616,0.7784002150299136,0.48976286871023716,0.49417270531400964
mt5,ortho,19,binary,25,0.7916666666666666,0.6087229437229438,0.7714748829556234,0.48976286871023716,0.49417270531400964
mt5,ortho,20,binary,25,0.8333333333333334,0.5930649090946009,0.7889199481677993,0.48976286871023716,0.49417270531400964
mt5,ortho,21,binary,25,0.875,0.6867597378523086,0.7782303824391645,0.48976286871023716,0.49417270531400964
mt5,ortho,22,binary,25,0.9166666666666666,0.6052121439779949,0.7696575109617808,0.48976286871023716,0.49417270531400964
mt5,ortho,23,binary,25,0.9583333333333334,0.6352258694732392,0.787528754620493,0.48976286871023716,0.49417270531400964
mt5,ortho,24,binary,25,1.0,0.5995310847451109,0.7972285343083526,0.48976286871023716,0.49417270531400964
mt5,syllable,0,regression,25,0.0,-0.5048376450484107,-0.6079990814971078,0.0,0.0
mt5,syllable,1,regression,25,0.041666666666666664,0.4498649051662726,0.3899022392500724,0.0,0.0
mt5,syllable,2,regression,25,0.08333333333333333,0.5471507392539962,0.47790476909069735,0.0,0.0
mt5,syllable,3,regression,25,0.125,0.5888738769798562,0.5098005883640281,0.0,0.0
mt5,syllable,4,regression,25,0.16666666666666666,0.6164646571650361,0.5065020619594206,0.0,0.0
mt5,syllable,5,regression,25,0.20833333333333334,0.6341889289884273,0.5335706591639375,0.0,0.0
mt5,syllable,6,regression,25,0.25,0.6495882596903026,0.5732502589939016,0.0,0.0
mt5,syllable,7,regression,25,0.2916666666666667,0.6516774183868765,0.5987593979334782,0.0,0.0
mt5,syllable,8,regression,25,0.3333333333333333,0.6562402328657992,0.574544330515441,0.0,0.0
mt5,syllable,9,regression,25,0.375,0.6752107892012023,0.5948893769149061,0.0,0.0
mt5,syllable,10,regression,25,0.4166666666666667,0.6962803545652887,0.6065934094584449,0.0,0.0
mt5,syllable,11,regression,25,0.4583333333333333,0.7046440217116605,0.6135859328127811,0.0,0.0
mt5,syllable,12,regression,25,0.5,0.7388212339903062,0.6143897590462982,0.0,0.0
mt5,syllable,13,regression,25,0.5416666666666666,0.7384539525788142,0.6407221760383691,0.0,0.0
mt5,syllable,14,regression,25,0.5833333333333334,0.7235277355293436,0.662528658008477,0.0,0.0
mt5,syllable,15,regression,25,0.625,0.7334372483909516,0.6583591465446031,0.0,0.0
mt5,syllable,16,regression,25,0.6666666666666666,0.7398834045453999,0.6300200709138681,0.0,0.0
mt5,syllable,17,regression,25,0.7083333333333334,0.7410797202604616,0.6621623883170431,0.0,0.0
mt5,syllable,18,regression,25,0.75,0.7200850186410522,0.6729746086644055,0.0,0.0
mt5,syllable,19,regression,25,0.7916666666666666,0.7395263041350557,0.6598383113451861,0.0,0.0
mt5,syllable,20,regression,25,0.8333333333333334,0.7641343154341713,0.671938954285428,0.0,0.0
mt5,syllable,21,regression,25,0.875,0.7571004493172094,0.65579770649873,0.0,0.0
mt5,syllable,22,regression,25,0.9166666666666666,0.6576355705684367,0.7077007417783953,0.0,0.0
mt5,syllable,23,regression,25,0.9583333333333334,0.6858481377481147,0.6930356585318604,0.0,0.0
mt5,syllable,24,regression,25,1.0,0.6286311638245872,0.6026805437458707,0.0,0.0
