task,condition,n_units,ablate_block,measure_L,score_en,score_bn,drop_en,drop_bn
voicing,baseline,0,-1,9,1.0,0.5379464285714286,0.0,0.0
realword,baseline,0,-1,24,1.0,0.43619653587840224,0.0,0.0
ortho,baseline,0,-1,21,0.9921290830381739,0.5743034055727554,0.0,0.0
syllable,baseline,0,-1,20,0.9999997118870357,0.5679917128934517,0.0,0.0
voicing,top5,5,6,9,1.0,0.5379464285714286,0.0,0.0
voicing,top10,10,6,9,1.0,0.5379464285714286,0.0,0.0
voicing,top20,20,6,9,1.0,0.5019943019943021,0.0,0.03595212657712654
voicing,rand10,10,6,9,1.0,0.5379464285714286,0.0,0.0
realword,top5,5,21,24,1.0,0.4292498460997274,0.0,0.006946689778674853
realword,top10,10,21,24,1.0,0.4292498460997274,0.0,0.006946689778674853
realword,top20,20,21,24,1.0,0.43619653587840224,0.0,0.0
realword,rand10,10,21,24,1.0,0.4568632731843074,0.0,-0.02066673730590518
ortho,top5,5,18,21,0.9919634703196347,0.5671369613206642,0.00016561271853920978,0.007166444252091231
ortho,top10,10,18,21,0.9919634703196347,0.5564410920562632,0.00016561271853920978,0.017862313516492145
ortho,top20,20,18,21,0.9919634703196347,0.5240372571792945,0.00016561271853920978,0.050266148393460885
ortho,rand10,10,18,21,0.9919634703196347,0.5489702730407231,0.00016561271853920978,0.025333132532032288
syllable,top5,5,17,20,0.998122180037711,0.5650983761178419,0.0018775318493247095,0.0028933367756098782
syllable,top10,10,17,20,0.9963745114181934,0.5627220241312674,0.0036252004688422934,0.005269688762184366
syllable,top20,20,17,20,0.989517075156314,0.5691357680939426,0.010482636730721695,-0.0011440552004908788
syllable,rand10,10,17,20,0.9958115714769805,0.560987736179986,0.004188140410055219,0.007003976713465754
