layer,rdm_spearman,top1_en2bn
0,0.027789368709732448,0.5
1,0.01740564325298412,0.4
2,0.020673848670541974,0.35
3,0.04119285998591593,0.4
4,0.06270213054451138,0.45
5,0.09320071557602558,0.4
6,0.14155021060504666,0.4
7,0.17745848040695109,0.45
8,0.1484785261583278,0.45
9,0.15456004758843006,0.45
10,0.13631723287275782,0.45
11,0.10215678813088569,0.4
12,0.11511763702449843,0.45
13,0.13187506287533846,0.45
14,0.17658719223888694,0.45
15,0.24419600484632176,0.45
16,0.19260804716853216,0.4
17,0.011647793130295198,0.2
18,0.046847485205159495,0.25
19,0.029698154636154085,0.25
20,-0.021053506366264706,0.2
21,-0.1233983737703771,0.25
22,-0.2971731247840369,0.05
23,-0.17798860152125517,0.05
24,-0.03264793747020256,0.05
