model,condition,measure_L,en_score,bn_score,n_units
llama,baseline,12,1.0,0.3333333333333333,0
llama,top5,12,1.0,0.3333333333333333,5
llama,top10,12,1.0,0.3333333333333333,10
llama,top20,12,1.0,0.3333333333333333,20
llama,rand10,12,1.0,0.3333333333333333,10
bloom,baseline,22,1.0,0.8572011423908609,0
bloom,top5,22,1.0,0.8572011423908609,5
bloom,top10,22,1.0,0.8572011423908609,10
bloom,top20,22,1.0,0.8572011423908609,20
bloom,rand10,22,1.0,0.8572011423908609,10
mt5,baseline,24,1.0,0.5659722222222222,0
mt5,top5,24,1.0,0.5384615384615385,5
mt5,top10,24,1.0,0.5384615384615385,10
mt5,top20,24,1.0,0.5659722222222222,20
mt5,rand10,24,1.0,0.5384615384615385,10
