task,model,kind,surface_EN,L0_EN,peak_EN,gain_EN,surface_BN,L0_BN,peak_BN,gain_BN
realword,xlmr,binary,0.4698795180722891,0.7617020817020816,0.8391891579260001,0.07748707622391848,0.4698795180722891,0.6421925911853389,0.8476165074849286,0.20542391629958967
realword,llama,binary,0.4698795180722891,0.6039220883165866,0.8211814421482615,0.21725935383167494,0.4698795180722891,0.5601321624050359,0.7661464601310921,0.20601429772605617
realword,bloom,binary,0.4698795180722891,0.6483517903460306,0.7869751528897379,0.13862336254370722,0.4698795180722891,0.7345852943066566,0.8128151246858787,0.07822983037922204
realword,mt5,binary,0.4698795180722891,0.720742671809723,0.8099723896267494,0.08922971781702649,0.4698795180722891,0.682996800542259,0.7826737163092663,0.09967691576700732
ortho,xlmr,binary,0.6619543606885379,0.6348312058761378,0.6806858308666246,0.01873147017808674,0.8232262089874366,0.8190934760097953,0.831772125921369,0.008545916933932363
ortho,llama,binary,0.6619543606885379,0.6358466730201805,0.6358466730201805,-0.02610768766835736,0.8232262089874366,0.9162728661452771,0.9249829677509009,0.008710101605623799
ortho,bloom,binary,0.6619543606885379,0.6326695847543533,0.6809953897868598,0.01904102909832195,0.8232262089874366,0.6943089349087288,0.8191349227860434,-0.004091286201393207
ortho,mt5,binary,0.6619543606885379,0.6113451075056741,0.6867597378523086,0.024805377163770737,0.8232262089874366,0.7445995223208247,0.8152099020936987,-0.00801630689373789
syllable,xlmr,regression,0.8120849075737115,0.6455848730695485,0.7974674794630767,-0.014617428110634823,0.6645240815308405,0.44197595256432665,0.7151792023381922,0.05065512080735168
syllable,llama,regression,0.8120849075737115,0.5883217431337555,0.7974669962868225,-0.014617911286889052,0.6645240815308405,0.3351921579161915,0.7886277814005356,0.12410369986969505
syllable,bloom,regression,0.8120849075737115,0.4688712928960387,0.8355908050029781,0.023505897429266565,0.6645240815308405,-0.10051467659451663,0.7225021515372115,0.05797807000637101
syllable,mt5,regression,0.8120849075737115,-0.5048376450484107,0.7641343154341713,-0.04795059213954023,0.6645240815308405,-0.6079990814971078,0.7077007417783953,0.04317666024755473
