model,layer,rel_depth,bn_voicing_loo_f1
xlmr,0,0.0,0.8042553191489361
xlmr,1,0.041666666666666664,0.8042553191489361
xlmr,2,0.08333333333333333,0.7821969696969697
xlmr,3,0.125,0.8042553191489361
xlmr,4,0.16666666666666666,0.7607565011820331
xlmr,5,0.20833333333333334,0.8257575757575758
xlmr,6,0.25,0.8247619047619048
xlmr,7,0.2916666666666667,0.8247619047619048
xlmr,8,0.3333333333333333,0.8257575757575758
xlmr,9,0.375,0.7371428571428571
xlmr,10,0.4166666666666667,0.8035121025154248
xlmr,11,0.4583333333333333,0.8020086083213773
xlmr,12,0.5,0.7386363636363636
xlmr,13,0.5416666666666666,0.6288561936402468
xlmr,14,0.5833333333333334,0.6079545454545454
xlmr,15,0.625,0.6288561936402468
xlmr,16,0.6666666666666666,0.6302600472813239
xlmr,17,0.7083333333333334,0.6521739130434783
xlmr,18,0.75,0.6515151515151515
xlmr,19,0.7916666666666666,0.6515151515151515
xlmr,20,0.8333333333333334,0.5432624113475177
xlmr,21,0.875,0.6079545454545454
xlmr,22,0.9166666666666666,0.6737588652482269
xlmr,23,0.9583333333333334,0.6302600472813239
xlmr,24,1.0,0.6737588652482269
llama,0,0.0,0.9347517730496454
llama,1,0.03125,0.9782505910165484
llama,2,0.0625,1.0
llama,3,0.09375,1.0
llama,4,0.125,1.0
llama,5,0.15625,1.0
llama,6,0.1875,0.956439393939394
llama,7,0.21875,0.956439393939394
llama,8,0.25,0.9782505910165484
llama,9,0.28125,0.9782505910165484
llama,10,0.3125,0.9782505910165484
llama,11,0.34375,0.9782505910165484
llama,12,0.375,0.9782505910165484
llama,13,0.40625,1.0
llama,14,0.4375,1.0
llama,15,0.46875,1.0
llama,16,0.5,1.0
llama,17,0.53125,1.0
llama,18,0.5625,1.0
llama,19,0.59375,0.9782505910165484
llama,20,0.625,1.0
llama,21,0.65625,1.0
llama,22,0.6875,1.0
llama,23,0.71875,0.9782505910165484
llama,24,0.75,1.0
llama,25,0.78125,1.0
llama,26,0.8125,1.0
llama,27,0.84375,1.0
llama,28,0.875,1.0
llama,29,0.90625,1.0
llama,30,0.9375,1.0
llama,31,0.96875,1.0
llama,32,1.0,1.0
bloom,0,0.0,0.780952380952381
bloom,1,0.03333333333333333,0.780952380952381
bloom,2,0.06666666666666667,0.7607565011820331
bloom,3,0.1,0.8035121025154248
bloom,4,0.13333333333333333,0.8020086083213773
bloom,5,0.16666666666666666,0.7371428571428571
bloom,6,0.2,0.7580105212816834
bloom,7,0.23333333333333334,0.7580105212816834
bloom,8,0.26666666666666666,0.7309941520467836
bloom,9,0.3,0.7965601965601965
bloom,10,0.3333333333333333,0.7758284600389863
bloom,11,0.36666666666666664,0.7061425061425062
bloom,12,0.4,0.7106918238993711
bloom,13,0.43333333333333335,0.7106918238993711
bloom,14,0.4666666666666667,0.7106918238993711
bloom,15,0.5,0.7309941520467836
bloom,16,0.5333333333333333,0.7552007740686986
bloom,17,0.5666666666666667,0.7106918238993711
bloom,18,0.6,0.7106918238993711
bloom,19,0.6333333333333333,0.7346153846153847
bloom,20,0.6666666666666666,0.7346153846153847
bloom,21,0.7,0.7346153846153847
bloom,22,0.7333333333333333,0.7552007740686986
bloom,23,0.7666666666666667,0.7309941520467836
bloom,24,0.8,0.7061425061425062
bloom,25,0.8333333333333334,0.6609336609336609
bloom,26,0.8666666666666667,0.6413255360623782
bloom,27,0.9,0.6413255360623782
bloom,28,0.9333333333333333,0.6861598440545809
bloom,29,0.9666666666666667,0.6495238095238096
bloom,30,1.0,0.6737588652482269
mt5,0,0.0,0.8035121025154248
mt5,1,0.041666666666666664,0.8471760797342193
mt5,2,0.08333333333333333,0.8257575757575758
mt5,3,0.125,0.8257575757575758
mt5,4,0.16666666666666666,0.8471760797342193
mt5,5,0.20833333333333334,0.8257575757575758
mt5,6,0.25,0.8477541371158392
mt5,7,0.2916666666666667,0.8477541371158392
mt5,8,0.3333333333333333,0.8695652173913043
mt5,9,0.375,0.8257575757575758
mt5,10,0.4166666666666667,0.8247619047619048
mt5,11,0.4583333333333333,0.8020086083213773
mt5,12,0.5,0.8685714285714285
mt5,13,0.5416666666666666,0.7580105212816834
mt5,14,0.5833333333333334,0.7371428571428571
mt5,15,0.625,0.780952380952381
mt5,16,0.6666666666666666,0.7997097242380262
mt5,17,0.7083333333333334,0.7580105212816834
mt5,18,0.75,0.7788461538461539
mt5,19,0.7916666666666666,0.7821969696969697
mt5,20,0.8333333333333334,0.7598481252966303
mt5,21,0.875,0.7580105212816834
mt5,22,0.9166666666666666,0.7386363636363636
mt5,23,0.9583333333333334,0.6861598440545809
mt5,24,1.0,0.6933333333333334
