layer,f1_voicing,f1_realword,f1_ortho,r2_syllable
0,0.36738095238095236,0.6483517903460306,0.6326695847543533,0.2741733088317638
1,0.41452380952380957,0.6882539463968628,0.6361315039073787,0.3361559724313089
2,0.549047619047619,0.6811091884109555,0.587799313161338,0.403934901223855
3,0.5211904761904762,0.6581762377727731,0.6176468075025586,0.4492421167180994
4,0.49333333333333335,0.7082352007163134,0.6095417754773929,0.5075518691733241
5,0.49333333333333335,0.6911413025511922,0.6122773372795013,0.5495301939366255
6,0.5516666666666666,0.7119395226155543,0.6175424958540631,0.5943332354321567
7,0.49333333333333335,0.7123050957564351,0.6205167182826654,0.6283562895300776
8,0.5211904761904762,0.7250663721349195,0.6347119236041519,0.6501267938475357
9,0.5211904761904762,0.7305142360320487,0.651490381182801,0.6458526474759899
10,0.5211904761904762,0.7353516263872518,0.6319519251469994,0.6420263374091472
11,0.5211904761904762,0.7472475274552792,0.6739559513084659,0.6344047154055271
12,0.5211904761904762,0.7510419938584413,0.6809953897868598,0.6227423016267746
13,0.48047619047619045,0.7624501004679132,0.6583799423874577,0.6088392232508872
14,0.48047619047619045,0.751894690146273,0.6626039794201111,0.6175392850949277
15,0.48047619047619045,0.7681007853994201,0.641045182452197,0.6199259970709805
16,0.4638095238095238,0.7681007853994201,0.6201643192488263,0.6223280016990341
17,0.4638095238095238,0.763302796755745,0.6308203765600738,0.6294236868367159
18,0.4638095238095238,0.7576521118242381,0.6342973554007876,0.6300042249111394
19,0.4638095238095238,0.767097263158907,0.6297912337032823,0.6312092087584584
20,0.4638095238095238,0.7758533925871627,0.6271596884042145,0.6398050763040996
21,0.5,0.7828821724139654,0.6513497548997089,0.6466280705349566
22,0.5,0.7869751528897379,0.6359287958557573,0.6483828967250572
23,0.5,0.7648198586324737,0.6396094454342682,0.6537659213738044
24,0.5,0.77681627224867,0.6430691869762015,0.6615598122518207
25,0.5,0.7763678795016424,0.6511160465428029,0.6611914959969992
26,0.4638095238095238,0.7492742449463712,0.6525117083494237,0.6731138058449473
27,0.4638095238095238,0.7453735188666695,0.6808264480787491,0.6773492949444739
28,0.4638095238095238,0.7563146605954826,0.6721417016885233,0.6791782201734781
29,0.5,0.7601726959414798,0.6466363645660745,0.6792330827851835
30,0.5045238095238095,0.7434812960120919,0.6373507969920961,0.6191901237621634
