task,condition,EN,BN
voicing,baseline,0.9132218999947032,0.5345432417254725
voicing,top5,0.9064127369355403,0.5345432417254725
voicing,top10,0.9064127369355403,0.5231909766815239
voicing,top20,0.9064127369355403,0.5231909766815239
voicing,rand10,0.9064127369355403,0.5345432417254725
realword,baseline,0.9430351799318256,0.6289385720588845
realword,top5,0.9410892463796745,0.6267043859283139
realword,top10,0.9375651551136037,0.6177845867604647
realword,top20,0.939452330438279,0.6200792951136147
realword,rand10,0.9430351799318256,0.6304795478810223
syllable,baseline,0.9341898329111225,0.39920655700826785
syllable,top5,0.9321268760380195,0.400926317694683
syllable,top10,0.930956228297464,0.40593789805366276
syllable,top20,0.9289413418854604,0.39878008492464245
syllable,rand10,0.934246494480585,0.4039866229828032
